TransactionID,Date,ProductID,Quantity_Sold,Store_Location
1,2022-09-04,410,3.0,"Suburban Outlet, Los Angeles"
2,2022-08-11,119,5.0,"Downtown Store, New York"
3,2022-10-01,459,6.0,"Airport Kiosk, Houston"
4,2022-02-24,232,4.0,"Airport Kiosk, Houston"
5,2022-11-26,457,5.0,"Online Shop, Phoenix"
6,2022-05-13,466,5.0,"Mall Branch, Chicago"
7,2022-09-03,218,2.0,"Online Shop, Phoenix"
8,2022-12-30,264,4.0,"Airport Kiosk, Houston"
9,2022-07-29,436,2.0,"Online Shop, Phoenix"
10,2022-10-29,286,9.0,"Online Shop, Phoenix"
11,2022-12-05,168,3.0,"Airport Kiosk, Houston"
12,2022-11-15,426,9.0,"Mall Branch, Chicago"
13,2022-02-12,277,2.0,"Downtown Store, New York"
14,2022-07-10,290,7.0,"Airport Kiosk, Houston"
15,2022-10-22,114,2.0,"Airport Kiosk, Houston"
16,2022-11-06,121,2.0,"Suburban Outlet, Los Angeles"
17,2022-12-15,253,2.0,"Downtown Store, New York"
18,2022-09-22,11,5.0,"Airport Kiosk, Houston"
19,2022-04-10,77,5.0,"Mall Branch, Chicago"
20,2022-05-27,48,8.0,"Downtown Store, New York"
21,2022-10-15,387,1.0,"Suburban Outlet, Los Angeles"
22,2022-06-06,225,2.0,"Downtown Store, New York"
23,2022-01-07,473,8.0,"Suburban Outlet, Los Angeles"
24,2022-02-11,310,8.0,"Airport Kiosk, Houston"
25,2022-06-04,326,7.0,"Airport Kiosk, Houston"
26,2022-07-16,404,3.0,"Downtown Store, New York"
27,2022-12-12,385,3.0,"Mall Branch, Chicago"
28,2022-04-10,402,3.0,"Online Shop, Phoenix"
29,2022-03-06,472,8.0,"Downtown Store, New York"
30,2022-07-18,111,2.0,"Online Shop, Phoenix"
31,2022-03-05,469,7.0,"Airport Kiosk, Houston"
32,2022-11-03,59,8.0,"Mall Branch, Chicago"
33,2022-08-17,485,7.0,"Downtown Store, New York"
34,2022-03-06,165,3.0,"Online Shop, Phoenix"
35,2022-05-29,397,2.0,"Downtown Store, New York"
36,2022-09-08,173,9.0,"Downtown Store, New York"
37,2022-01-17,229,4.0,"Mall Branch, Chicago"
38,2022-01-12,336,1.0,"Online Shop, Phoenix"
39,2022-01-12,422,9.0,"Airport Kiosk, Houston"
40,2022-04-01,119,8.0,"Airport Kiosk, Houston"
41,2022-02-15,409,3.0,"Airport Kiosk, Houston"
42,2022-04-18,174,4.0,"Suburban Outlet, Los Angeles"
43,2022-06-09,181,2.0,"Suburban Outlet, Los Angeles"
44,2022-01-29,341,4.0,"Mall Branch, Chicago"
45,2022-09-07,379,6.0,"Online Shop, Phoenix"
46,2022-01-10,189,5.0,
47,2022-04-04,392,4.0,"Suburban Outlet, Los Angeles"
48,2022-11-12,367,,"Suburban Outlet, Los Angeles"
49,2022-06-14,24,7.0,"Suburban Outlet, Los Angeles"
50,2022-11-19,277,1.0,"Mall Branch, Chicago"
51,2022-11-30,70,9.0,"Downtown Store, New York"
52,2022-08-22,264,1.0,"Downtown Store, New York"
53,2022-05-04,293,9.0,"Downtown Store, New York"
54,2022-03-31,112,5.0,"Online Shop, Phoenix"
55,2022-07-24,138,4.0,"Downtown Store, New York"
56,2022-03-16,198,7.0,"Mall Branch, Chicago"
57,2022-11-02,282,9.0,"Suburban Outlet, Los Angeles"
58,2022-02-24,34,5.0,"Online Shop, Phoenix"
59,2022-02-16,469,3.0,"Downtown Store, New York"
60,2022-12-06,65,5.0,"Suburban Outlet, Los Angeles"
61,2022-05-14,162,6.0,"Online Shop, Phoenix"
62,2022-06-04,84,8.0,"Airport Kiosk, Houston"
63,2022-07-29,458,3.0,"Mall Branch, Chicago"
64,2022-08-22,259,4.0,"Mall Branch, Chicago"
65,2022-01-18,17,2.0,"Mall Branch, Chicago"
66,2022-12-14,127,7.0,"Mall Branch, Chicago"
67,2022-11-25,88,2.0,"Mall Branch, Chicago"
68,2022-01-06,318,7.0,"Downtown Store, New York"
69,2022-09-15,315,6.0,"Downtown Store, New York"
70,2022-01-13,115,1.0,"Airport Kiosk, Houston"
71,2022-05-07,26,8.0,"Online Shop, Phoenix"
72,2022-08-27,123,8.0,"Downtown Store, New York"
73,2022-05-24,427,6.0,"Mall Branch, Chicago"
74,2022-04-23,209,2.0,"Suburban Outlet, Los Angeles"
75,2022-01-03,402,1.0,"Suburban Outlet, Los Angeles"
76,2022-12-14,41,4.0,"Online Shop, Phoenix"
77,2022-09-05,317,9.0,"Airport Kiosk, Houston"
78,2022-08-12,338,4.0,"Airport Kiosk, Houston"
79,2022-01-02,254,3.0,"Downtown Store, New York"
80,2022-12-18,498,2.0,"Airport Kiosk, Houston"
81,2022-05-13,230,2.0,"Airport Kiosk, Houston"
82,2022-07-20,426,9.0,"Mall Branch, Chicago"
83,2022-11-11,423,7.0,"Suburban Outlet, Los Angeles"
84,2022-08-17,205,2.0,"Downtown Store, New York"
85,2022-12-21,199,1.0,"Airport Kiosk, Houston"
86,2022-11-21,368,1.0,"Airport Kiosk, Houston"
87,2022-06-03,281,4.0,"Suburban Outlet, Los Angeles"
88,2022-06-05,290,9.0,"Online Shop, Phoenix"
89,2022-06-23,463,7.0,"Downtown Store, New York"
90,2022-04-26,198,3.0,"Airport Kiosk, Houston"
91,2022-09-23,10,9.0,"Downtown Store, New York"
92,2022-09-19,38,2.0,"Downtown Store, New York"
93,2022-12-12,359,9.0,"Online Shop, Phoenix"
94,2022-01-28,396,3.0,"Airport Kiosk, Houston"
95,2022-01-21,410,8.0,"Downtown Store, New York"
96,2022-10-21,273,,"Airport Kiosk, Houston"
97,2022-10-12,84,1.0,"Airport Kiosk, Houston"
98,2022-11-24,318,2.0,"Mall Branch, Chicago"
99,2022-07-12,379,2.0,"Online Shop, Phoenix"
100,2022-01-14,408,2.0,"Downtown Store, New York"
101,2022-08-09,435,3.0,"Downtown Store, New York"
102,2022-10-15,122,9.0,"Airport Kiosk, Houston"
103,2022-06-27,369,8.0,"Downtown Store, New York"
104,2022-05-31,10,7.0,"Mall Branch, Chicago"
105,2022-08-25,299,2.0,"Mall Branch, Chicago"
106,2022-10-02,426,9.0,"Suburban Outlet, Los Angeles"
107,2022-10-04,234,2.0,"Downtown Store, New York"
108,2022-04-03,488,8.0,"Downtown Store, New York"
109,2022-03-08,27,5.0,"Online Shop, Phoenix"
110,2022-10-09,376,9.0,"Airport Kiosk, Houston"
111,2022-06-10,119,9.0,"Online Shop, Phoenix"
112,2022-07-24,299,5.0,"Mall Branch, Chicago"
113,2022-04-28,63,1.0,"Downtown Store, New York"
114,2022-11-26,268,8.0,"Downtown Store, New York"
115,2022-10-30,456,3.0,"Online Shop, Phoenix"
116,2022-05-03,476,1.0,"Online Shop, Phoenix"
117,2022-12-11,161,7.0,"Suburban Outlet, Los Angeles"
118,2022-02-20,126,9.0,"Suburban Outlet, Los Angeles"
119,2022-10-11,287,6.0,"Suburban Outlet, Los Angeles"
120,2022-04-19,343,8.0,"Online Shop, Phoenix"
121,2022-05-29,286,4.0,"Airport Kiosk, Houston"
122,2022-11-24,33,6.0,"Online Shop, Phoenix"
123,2022-01-13,451,1.0,"Mall Branch, Chicago"
124,2022-08-12,407,4.0,"Downtown Store, New York"
125,2022-10-12,176,1.0,"Airport Kiosk, Houston"
126,2022-06-21,41,9.0,"Downtown Store, New York"
127,2022-12-22,240,5.0,"Airport Kiosk, Houston"
128,2022-12-30,409,9.0,"Airport Kiosk, Houston"
129,2022-05-13,375,4.0,"Mall Branch, Chicago"
130,2022-03-28,500,1.0,"Mall Branch, Chicago"
131,2022-08-24,143,7.0,"Mall Branch, Chicago"
132,2022-11-17,3,4.0,"Downtown Store, New York"
133,2022-08-02,196,4.0,"Mall Branch, Chicago"
134,2022-07-29,34,1.0,"Airport Kiosk, Houston"
135,2022-07-11,299,7.0,"Downtown Store, New York"
136,2022-02-21,293,6.0,"Airport Kiosk, Houston"
137,2022-04-24,129,3.0,"Suburban Outlet, Los Angeles"
138,2022-12-30,409,6.0,"Downtown Store, New York"
139,2022-06-08,51,2.0,"Airport Kiosk, Houston"
140,2022-04-20,295,2.0,"Airport Kiosk, Houston"
141,2022-07-30,312,9.0,"Downtown Store, New York"
142,2022-10-19,269,5.0,"Suburban Outlet, Los Angeles"
143,2022-09-20,126,1.0,"Downtown Store, New York"
144,2022-05-11,272,9.0,"Mall Branch, Chicago"
145,2022-06-22,27,5.0,"Mall Branch, Chicago"
146,2022-04-18,408,8.0,"Mall Branch, Chicago"
147,2022-05-07,185,6.0,"Online Shop, Phoenix"
148,2022-10-01,478,8.0,"Suburban Outlet, Los Angeles"
149,2022-10-01,273,5.0,"Downtown Store, New York"
150,2022-08-22,339,4.0,"Online Shop, Phoenix"
151,2022-01-06,430,2.0,"Suburban Outlet, Los Angeles"
152,2022-01-17,162,2.0,"Airport Kiosk, Houston"
153,2022-12-26,247,9.0,"Downtown Store, New York"
154,2022-03-23,388,1.0,"Mall Branch, Chicago"
155,2022-09-02,59,,"Suburban Outlet, Los Angeles"
156,2022-03-30,359,6.0,"Airport Kiosk, Houston"
157,2022-08-03,72,7.0,"Suburban Outlet, Los Angeles"
158,2022-08-27,58,1.0,"Airport Kiosk, Houston"
159,2022-07-01,149,5.0,"Suburban Outlet, Los Angeles"
160,2022-03-19,369,7.0,"Mall Branch, Chicago"
161,2022-10-25,473,5.0,"Online Shop, Phoenix"
162,2022-01-20,323,2.0,"Airport Kiosk, Houston"
163,2022-05-06,61,1.0,"Downtown Store, New York"
164,2022-01-20,11,5.0,"Downtown Store, New York"
165,2022-12-22,52,4.0,"Suburban Outlet, Los Angeles"
166,2022-03-10,355,9.0,"Online Shop, Phoenix"
167,2022-02-17,217,4.0,"Airport Kiosk, Houston"
168,2022-09-24,257,8.0,"Online Shop, Phoenix"
169,2022-03-11,71,8.0,"Suburban Outlet, Los Angeles"
170,2022-02-18,270,4.0,"Airport Kiosk, Houston"
171,2022-02-02,231,3.0,"Downtown Store, New York"
172,2022-04-22,26,5.0,"Downtown Store, New York"
173,2022-06-25,92,8.0,"Airport Kiosk, Houston"
174,2022-11-28,304,8.0,"Airport Kiosk, Houston"
175,2022-10-10,326,7.0,"Airport Kiosk, Houston"
176,2022-04-01,494,8.0,"Downtown Store, New York"
177,2022-05-14,106,2.0,"Airport Kiosk, Houston"
178,2022-06-09,24,1.0,"Airport Kiosk, Houston"
179,2022-06-16,436,2.0,"Online Shop, Phoenix"
180,2022-06-10,439,9.0,"Suburban Outlet, Los Angeles"
181,2022-07-19,281,9.0,"Online Shop, Phoenix"
182,2022-05-19,462,2.0,"Suburban Outlet, Los Angeles"
183,2022-01-18,278,8.0,"Suburban Outlet, Los Angeles"
184,2022-07-06,14,5.0,"Suburban Outlet, Los Angeles"
185,2022-04-03,67,2.0,"Downtown Store, New York"
186,2022-08-25,170,9.0,"Downtown Store, New York"
187,2022-08-19,130,1.0,"Airport Kiosk, Houston"
188,2022-12-05,59,3.0,"Online Shop, Phoenix"
189,2022-01-30,494,7.0,"Online Shop, Phoenix"
190,2022-02-10,53,5.0,"Airport Kiosk, Houston"
191,2022-09-21,385,6.0,"Online Shop, Phoenix"
192,2022-04-16,442,7.0,"Airport Kiosk, Houston"
193,2022-12-10,383,1.0,"Mall Branch, Chicago"
194,2022-08-22,15,7.0,"Online Shop, Phoenix"
195,2022-07-05,357,5.0,"Downtown Store, New York"
196,2022-03-03,136,8.0,"Mall Branch, Chicago"
197,2022-07-29,305,2.0,"Airport Kiosk, Houston"
198,2022-02-20,74,9.0,"Downtown Store, New York"
199,2022-12-15,109,6.0,"Online Shop, Phoenix"
200,2022-09-12,50,9.0,"Suburban Outlet, Los Angeles"
201,2022-07-25,5,,"Airport Kiosk, Houston"
202,2022-11-25,17,6.0,"Online Shop, Phoenix"
203,2022-02-19,145,1.0,"Online Shop, Phoenix"
204,2022-01-01,250,8.0,"Airport Kiosk, Houston"
205,2022-12-01,320,9.0,"Airport Kiosk, Houston"
206,2022-05-08,401,6.0,"Airport Kiosk, Houston"
207,2022-02-01,452,1.0,"Online Shop, Phoenix"
208,2022-07-26,361,8.0,"Mall Branch, Chicago"
209,2022-02-22,183,9.0,"Suburban Outlet, Los Angeles"
210,2022-02-12,259,7.0,"Online Shop, Phoenix"
211,2022-12-20,33,1.0,"Airport Kiosk, Houston"
212,2022-11-11,186,1.0,"Mall Branch, Chicago"
213,2022-03-12,327,5.0,"Suburban Outlet, Los Angeles"
214,2022-08-28,470,6.0,"Mall Branch, Chicago"
215,2022-12-09,157,5.0,"Airport Kiosk, Houston"
216,2022-02-18,279,2.0,"Suburban Outlet, Los Angeles"
217,2022-10-16,156,4.0,"Mall Branch, Chicago"
218,2022-06-06,378,5.0,"Mall Branch, Chicago"
219,2022-07-06,178,7.0,"Mall Branch, Chicago"
220,2022-01-30,383,1.0,"Suburban Outlet, Los Angeles"
221,2022-07-11,261,5.0,"Airport Kiosk, Houston"
222,2022-08-10,261,2.0,"Suburban Outlet, Los Angeles"
223,2022-12-13,480,2.0,"Mall Branch, Chicago"
224,2022-06-22,451,2.0,"Mall Branch, Chicago"
225,2022-11-04,218,7.0,"Airport Kiosk, Houston"
226,2022-05-03,223,7.0,"Downtown Store, New York"
227,2022-10-31,332,2.0,"Airport Kiosk, Houston"
228,2022-12-10,203,4.0,"Suburban Outlet, Los Angeles"
229,2022-02-17,195,4.0,"Mall Branch, Chicago"
230,2022-02-17,332,7.0,"Online Shop, Phoenix"
231,2022-09-08,77,5.0,"Mall Branch, Chicago"
232,2022-07-27,469,5.0,"Downtown Store, New York"
233,2022-01-30,138,2.0,"Downtown Store, New York"
234,2022-03-19,251,5.0,"Airport Kiosk, Houston"
235,2022-03-08,36,4.0,"Online Shop, Phoenix"
236,2022-07-10,436,6.0,"Suburban Outlet, Los Angeles"
237,2022-08-17,135,5.0,"Airport Kiosk, Houston"
238,2022-01-25,32,1.0,"Mall Branch, Chicago"
239,2022-05-13,284,2.0,"Online Shop, Phoenix"
240,2022-07-06,11,2.0,"Mall Branch, Chicago"
241,2022-07-21,177,2.0,"Online Shop, Phoenix"
242,2022-05-07,457,8.0,"Online Shop, Phoenix"
243,2022-05-15,218,9.0,"Online Shop, Phoenix"
244,2022-08-22,102,3.0,"Suburban Outlet, Los Angeles"
245,2022-12-08,336,6.0,"Online Shop, Phoenix"
246,2022-08-02,27,3.0,"Airport Kiosk, Houston"
247,2022-07-15,326,4.0,"Downtown Store, New York"
248,2022-06-06,211,1.0,"Online Shop, Phoenix"
249,2022-05-03,449,8.0,"Suburban Outlet, Los Angeles"
250,2022-08-14,421,4.0,"Mall Branch, Chicago"
251,2022-12-17,33,5.0,"Online Shop, Phoenix"
252,2022-12-24,38,2.0,"Downtown Store, New York"
253,2022-04-29,83,7.0,"Suburban Outlet, Los Angeles"
254,2022-10-08,78,5.0,"Suburban Outlet, Los Angeles"
255,2022-02-13,212,7.0,"Mall Branch, Chicago"
256,2022-06-18,323,2.0,"Online Shop, Phoenix"
257,2022-02-07,240,9.0,"Airport Kiosk, Houston"
258,2022-10-27,250,2.0,"Online Shop, Phoenix"
259,2022-05-11,169,1.0,"Suburban Outlet, Los Angeles"
260,2022-11-22,234,3.0,"Online Shop, Phoenix"
261,2022-03-19,129,2.0,"Airport Kiosk, Houston"
262,2022-11-09,167,9.0,"Airport Kiosk, Houston"
263,2022-02-13,321,6.0,"Suburban Outlet, Los Angeles"
264,2022-11-01,394,6.0,"Downtown Store, New York"
265,2022-05-18,319,9.0,"Suburban Outlet, Los Angeles"
266,2022-01-08,434,9.0,"Airport Kiosk, Houston"
267,2022-11-24,4,2.0,"Airport Kiosk, Houston"
268,2022-05-10,134,6.0,"Online Shop, Phoenix"
269,2022-04-04,338,1.0,"Mall Branch, Chicago"
270,2022-04-13,253,6.0,"Airport Kiosk, Houston"
271,2022-05-03,275,1.0,"Downtown Store, New York"
272,2022-06-07,302,4.0,"Suburban Outlet, Los Angeles"
273,2022-07-10,204,7.0,"Airport Kiosk, Houston"
274,2022-09-26,65,6.0,"Online Shop, Phoenix"
275,2022-11-12,118,1.0,"Online Shop, Phoenix"
276,2022-12-22,295,6.0,"Mall Branch, Chicago"
277,2022-05-24,109,5.0,"Suburban Outlet, Los Angeles"
278,2022-05-26,170,3.0,"Airport Kiosk, Houston"
279,2022-01-01,18,9.0,"Mall Branch, Chicago"
280,2022-11-06,173,6.0,"Downtown Store, New York"
281,2022-08-24,147,4.0,"Airport Kiosk, Houston"
282,2022-10-19,448,8.0,"Mall Branch, Chicago"
283,2022-06-12,391,1.0,"Downtown Store, New York"
284,2022-05-20,464,1.0,"Online Shop, Phoenix"
285,2022-07-19,311,3.0,"Suburban Outlet, Los Angeles"
286,2022-11-23,189,6.0,"Suburban Outlet, Los Angeles"
287,2022-09-16,424,4.0,"Downtown Store, New York"
288,2022-06-12,385,4.0,"Airport Kiosk, Houston"
289,2022-01-24,294,3.0,"Suburban Outlet, Los Angeles"
290,2022-08-17,37,2.0,"Suburban Outlet, Los Angeles"
291,2022-03-24,136,3.0,"Downtown Store, New York"
292,2022-11-01,46,3.0,"Downtown Store, New York"
293,2022-03-15,396,4.0,"Online Shop, Phoenix"
294,2022-05-31,133,3.0,"Downtown Store, New York"
295,2022-01-01,199,5.0,"Downtown Store, New York"
296,2022-06-28,39,6.0,"Mall Branch, Chicago"
297,2022-02-01,381,4.0,"Airport Kiosk, Houston"
298,2022-10-07,297,2.0,"Mall Branch, Chicago"
299,2022-11-09,319,3.0,"Downtown Store, New York"
300,2022-10-18,327,4.0,"Online Shop, Phoenix"
301,2022-01-21,465,9.0,"Airport Kiosk, Houston"
302,2022-10-22,163,4.0,"Mall Branch, Chicago"
303,2022-02-16,337,2.0,"Mall Branch, Chicago"
304,2022-10-22,225,8.0,"Airport Kiosk, Houston"
305,2022-02-26,413,2.0,"Downtown Store, New York"
306,2022-11-07,485,1.0,"Airport Kiosk, Houston"
307,2022-08-28,417,2.0,"Mall Branch, Chicago"
308,2022-10-03,306,9.0,"Suburban Outlet, Los Angeles"
309,2022-01-13,497,3.0,"Airport Kiosk, Houston"
310,2022-08-15,265,1.0,"Online Shop, Phoenix"
311,2022-07-20,278,7.0,"Mall Branch, Chicago"
312,2022-07-22,51,,"Mall Branch, Chicago"
313,2022-03-31,409,2.0,"Suburban Outlet, Los Angeles"
314,2022-07-04,401,8.0,"Suburban Outlet, Los Angeles"
315,2022-08-26,86,4.0,"Suburban Outlet, Los Angeles"
316,2022-03-06,267,2.0,"Suburban Outlet, Los Angeles"
317,2022-05-08,161,4.0,"Downtown Store, New York"
318,2022-06-11,393,4.0,"Airport Kiosk, Houston"
319,2022-06-01,188,3.0,"Online Shop, Phoenix"
320,2022-09-25,486,8.0,"Online Shop, Phoenix"
321,2022-07-20,455,4.0,"Mall Branch, Chicago"
322,2022-10-09,475,2.0,"Downtown Store, New York"
323,2022-05-10,107,4.0,"Mall Branch, Chicago"
324,2022-07-27,220,9.0,"Online Shop, Phoenix"
325,2022-04-13,251,4.0,"Airport Kiosk, Houston"
326,2022-01-24,46,7.0,"Downtown Store, New York"
327,2022-06-18,474,5.0,"Downtown Store, New York"
328,2022-07-27,149,8.0,"Online Shop, Phoenix"
329,2022-11-08,469,6.0,"Mall Branch, Chicago"
330,2022-11-18,206,8.0,"Airport Kiosk, Houston"
331,2022-03-14,163,3.0,"Downtown Store, New York"
332,2022-01-14,261,3.0,"Mall Branch, Chicago"
333,2022-07-09,49,2.0,"Downtown Store, New York"
334,2022-01-13,463,4.0,"Mall Branch, Chicago"
335,2022-09-30,25,3.0,"Suburban Outlet, Los Angeles"
336,2022-02-25,194,6.0,"Mall Branch, Chicago"
337,2022-03-02,104,8.0,"Online Shop, Phoenix"
338,2022-03-18,300,1.0,"Airport Kiosk, Houston"
339,2022-04-25,206,7.0,"Downtown Store, New York"
340,2022-08-20,229,7.0,"Mall Branch, Chicago"
341,2022-06-08,482,2.0,"Online Shop, Phoenix"
342,2022-03-20,205,1.0,"Airport Kiosk, Houston"
343,2022-10-14,17,7.0,"Mall Branch, Chicago"
344,2022-10-01,58,6.0,"Mall Branch, Chicago"
345,2022-05-25,6,8.0,"Downtown Store, New York"
346,2022-04-10,482,7.0,"Suburban Outlet, Los Angeles"
347,2022-09-27,380,7.0,"Downtown Store, New York"
348,2022-06-24,224,8.0,"Suburban Outlet, Los Angeles"
349,2022-12-04,9,2.0,"Airport Kiosk, Houston"
350,2022-07-07,34,8.0,"Downtown Store, New York"
351,2022-06-25,311,8.0,"Online Shop, Phoenix"
352,2022-05-21,321,4.0,
353,2022-07-24,417,9.0,"Online Shop, Phoenix"
354,2022-07-05,480,8.0,"Online Shop, Phoenix"
355,2022-09-15,259,8.0,"Suburban Outlet, Los Angeles"
356,2022-06-22,491,2.0,"Mall Branch, Chicago"
357,2022-09-28,156,7.0,"Airport Kiosk, Houston"
358,2022-01-15,209,9.0,"Online Shop, Phoenix"
359,2022-03-10,88,1.0,"Airport Kiosk, Houston"
360,2022-10-10,323,5.0,"Downtown Store, New York"
361,2022-11-23,456,4.0,"Suburban Outlet, Los Angeles"
362,2022-07-29,230,9.0,"Suburban Outlet, Los Angeles"
363,2022-08-23,46,7.0,"Suburban Outlet, Los Angeles"
364,2022-01-09,149,7.0,"Mall Branch, Chicago"
365,2022-10-15,193,5.0,"Mall Branch, Chicago"
366,2022-11-11,136,5.0,"Suburban Outlet, Los Angeles"
367,2022-11-23,474,8.0,"Mall Branch, Chicago"
368,2022-02-24,281,1.0,"Airport Kiosk, Houston"
369,2022-01-14,194,3.0,"Airport Kiosk, Houston"
370,2022-02-25,100,8.0,"Airport Kiosk, Houston"
371,2022-07-15,319,5.0,"Airport Kiosk, Houston"
372,2022-07-31,95,4.0,"Downtown Store, New York"
373,2022-08-06,419,1.0,"Downtown Store, New York"
374,2022-05-11,221,4.0,"Suburban Outlet, Los Angeles"
375,2022-06-29,227,1.0,"Online Shop, Phoenix"
376,2022-07-25,406,6.0,"Mall Branch, Chicago"
377,2022-04-15,344,2.0,"Mall Branch, Chicago"
378,2022-10-02,402,3.0,"Suburban Outlet, Los Angeles"
379,2022-03-03,326,2.0,"Mall Branch, Chicago"
380,2022-11-22,384,4.0,"Airport Kiosk, Houston"
381,2022-09-02,260,5.0,"Mall Branch, Chicago"
382,2022-09-12,346,3.0,"Suburban Outlet, Los Angeles"
383,2022-03-18,150,4.0,"Mall Branch, Chicago"
384,2022-03-04,188,2.0,"Suburban Outlet, Los Angeles"
385,2022-06-18,135,2.0,"Mall Branch, Chicago"
386,2022-06-23,190,7.0,"Airport Kiosk, Houston"
387,2022-02-10,212,5.0,"Online Shop, Phoenix"
388,2022-07-22,23,9.0,"Downtown Store, New York"
389,2022-03-25,24,4.0,"Downtown Store, New York"
390,2022-10-07,86,2.0,"Airport Kiosk, Houston"
391,2022-04-03,77,1.0,"Mall Branch, Chicago"
392,2022-09-18,151,2.0,"Suburban Outlet, Los Angeles"
393,2022-06-17,61,8.0,"Mall Branch, Chicago"
394,2022-11-01,395,1.0,"Airport Kiosk, Houston"
395,2022-04-26,207,9.0,"Suburban Outlet, Los Angeles"
396,2022-09-21,493,5.0,"Online Shop, Phoenix"
397,2022-07-08,186,8.0,"Suburban Outlet, Los Angeles"
398,2022-11-09,42,2.0,"Downtown Store, New York"
399,2022-09-03,70,9.0,"Mall Branch, Chicago"
400,2022-02-08,168,9.0,"Online Shop, Phoenix"
401,2022-08-14,246,2.0,"Online Shop, Phoenix"
402,2022-11-01,372,5.0,"Suburban Outlet, Los Angeles"
403,2022-05-28,459,2.0,"Downtown Store, New York"
404,2022-02-26,446,2.0,"Downtown Store, New York"
405,2022-03-04,347,6.0,"Downtown Store, New York"
406,2022-01-07,411,1.0,"Online Shop, Phoenix"
407,2022-09-22,212,5.0,"Suburban Outlet, Los Angeles"
408,2022-08-13,175,9.0,"Online Shop, Phoenix"
409,2022-09-30,117,8.0,"Downtown Store, New York"
410,2022-11-10,145,5.0,"Downtown Store, New York"
411,2022-09-15,130,6.0,"Suburban Outlet, Los Angeles"
412,2022-10-07,212,1.0,"Downtown Store, New York"
413,2022-09-15,335,3.0,"Online Shop, Phoenix"
414,2022-07-05,10,3.0,"Suburban Outlet, Los Angeles"
415,2022-05-13,320,2.0,"Online Shop, Phoenix"
416,2022-09-13,493,2.0,"Airport Kiosk, Houston"
417,2022-02-13,320,9.0,"Airport Kiosk, Houston"
418,2022-05-04,445,4.0,"Online Shop, Phoenix"
419,2022-06-25,164,4.0,"Mall Branch, Chicago"
420,2022-05-05,356,7.0,"Downtown Store, New York"
421,2022-05-16,137,9.0,"Airport Kiosk, Houston"
422,2022-03-19,219,5.0,"Online Shop, Phoenix"
423,2022-06-06,57,5.0,"Suburban Outlet, Los Angeles"
424,2022-07-17,372,6.0,"Online Shop, Phoenix"
425,2022-07-16,361,9.0,"Airport Kiosk, Houston"
426,2022-07-04,174,5.0,"Downtown Store, New York"
427,2022-10-25,334,8.0,"Online Shop, Phoenix"
428,2022-04-11,190,9.0,"Airport Kiosk, Houston"
429,2022-05-09,218,3.0,"Online Shop, Phoenix"
430,2022-09-23,301,5.0,"Online Shop, Phoenix"
431,2022-05-08,437,2.0,"Airport Kiosk, Houston"
432,2022-03-08,15,6.0,"Mall Branch, Chicago"
433,2022-11-12,497,6.0,"Suburban Outlet, Los Angeles"
434,2022-06-23,142,2.0,"Suburban Outlet, Los Angeles"
435,2022-12-09,59,9.0,"Suburban Outlet, Los Angeles"
436,2022-03-05,391,9.0,"Airport Kiosk, Houston"
437,2022-06-20,364,9.0,"Mall Branch, Chicago"
438,2022-01-14,253,1.0,"Downtown Store, New York"
439,2022-05-07,73,1.0,"Downtown Store, New York"
440,2022-12-15,231,6.0,"Downtown Store, New York"
441,2022-04-05,52,4.0,"Mall Branch, Chicago"
442,2022-03-06,271,6.0,"Downtown Store, New York"
443,2022-06-21,111,5.0,"Airport Kiosk, Houston"
444,2022-05-10,285,2.0,"Online Shop, Phoenix"
445,2022-05-05,158,2.0,"Downtown Store, New York"
446,2022-05-25,224,3.0,"Online Shop, Phoenix"
447,2022-08-20,95,4.0,"Mall Branch, Chicago"
448,2022-06-12,265,6.0,"Suburban Outlet, Los Angeles"
449,2022-06-05,108,3.0,"Online Shop, Phoenix"
450,2022-05-22,451,4.0,"Online Shop, Phoenix"
451,2022-04-04,57,2.0,"Downtown Store, New York"
452,2022-02-19,336,8.0,"Online Shop, Phoenix"
453,2022-12-22,441,4.0,"Downtown Store, New York"
454,2022-01-09,441,5.0,"Suburban Outlet, Los Angeles"
455,2022-03-07,477,1.0,"Online Shop, Phoenix"
456,2022-08-01,355,2.0,"Suburban Outlet, Los Angeles"
457,2022-07-26,294,9.0,"Suburban Outlet, Los Angeles"
458,2022-01-29,171,2.0,"Downtown Store, New York"
459,2022-07-16,103,8.0,"Suburban Outlet, Los Angeles"
460,2022-04-24,358,6.0,"Online Shop, Phoenix"
461,2022-05-10,217,3.0,"Online Shop, Phoenix"
462,2022-03-15,262,5.0,"Downtown Store, New York"
463,2022-02-06,399,2.0,"Suburban Outlet, Los Angeles"
464,2022-10-20,185,9.0,"Suburban Outlet, Los Angeles"
465,2022-12-11,227,4.0,"Suburban Outlet, Los Angeles"
466,2022-09-22,396,2.0,"Suburban Outlet, Los Angeles"
467,2022-06-21,401,2.0,"Airport Kiosk, Houston"
468,2022-10-27,160,1.0,"Downtown Store, New York"
469,2022-11-08,243,3.0,"Mall Branch, Chicago"
470,2022-05-03,77,2.0,"Mall Branch, Chicago"
471,2022-05-03,187,1.0,"Airport Kiosk, Houston"
472,2022-01-14,444,7.0,"Suburban Outlet, Los Angeles"
473,2022-03-10,449,6.0,"Online Shop, Phoenix"
474,2022-06-02,446,7.0,"Suburban Outlet, Los Angeles"
475,2022-03-28,355,7.0,"Suburban Outlet, Los Angeles"
476,2022-12-01,65,6.0,"Mall Branch, Chicago"
477,2022-06-18,121,9.0,"Airport Kiosk, Houston"
478,2022-02-08,58,2.0,"Downtown Store, New York"
479,2022-09-21,145,8.0,"Suburban Outlet, Los Angeles"
480,2022-03-17,384,7.0,"Downtown Store, New York"
481,2022-08-16,133,4.0,"Downtown Store, New York"
482,2022-12-13,357,7.0,"Airport Kiosk, Houston"
483,2022-08-07,4,,"Online Shop, Phoenix"
484,2022-12-16,390,7.0,"Suburban Outlet, Los Angeles"
485,2022-12-22,223,7.0,"Mall Branch, Chicago"
486,2022-06-12,252,8.0,"Mall Branch, Chicago"
487,2022-07-25,51,1.0,"Mall Branch, Chicago"
488,2022-03-09,384,4.0,"Downtown Store, New York"
489,2022-05-09,171,3.0,"Online Shop, Phoenix"
490,2022-07-28,213,4.0,"Online Shop, Phoenix"
491,2022-08-30,433,8.0,"Airport Kiosk, Houston"
492,2022-02-03,302,4.0,"Downtown Store, New York"
493,2022-07-26,272,4.0,"Online Shop, Phoenix"
494,2022-12-14,230,4.0,"Mall Branch, Chicago"
495,2022-09-02,234,,"Mall Branch, Chicago"
496,2022-06-08,118,4.0,"Mall Branch, Chicago"
497,2022-09-29,221,9.0,"Online Shop, Phoenix"
498,2022-11-04,92,7.0,"Mall Branch, Chicago"
499,2022-09-19,184,7.0,"Online Shop, Phoenix"
500,2022-01-01,188,3.0,"Online Shop, Phoenix"
501,2022-12-13,494,4.0,"Suburban Outlet, Los Angeles"
502,2022-07-12,184,5.0,"Mall Branch, Chicago"
503,2022-06-09,382,7.0,"Online Shop, Phoenix"
504,2022-11-29,162,6.0,"Online Shop, Phoenix"
505,2022-10-30,268,6.0,"Mall Branch, Chicago"
506,2022-04-23,128,3.0,"Mall Branch, Chicago"
507,2022-08-10,476,2.0,"Mall Branch, Chicago"
508,2022-08-03,291,,"Airport Kiosk, Houston"
509,2022-10-24,473,6.0,"Mall Branch, Chicago"
510,2022-11-22,270,3.0,"Suburban Outlet, Los Angeles"
511,2022-01-25,392,5.0,"Downtown Store, New York"
512,2022-02-24,409,5.0,"Online Shop, Phoenix"
513,2022-10-31,194,2.0,"Mall Branch, Chicago"
514,2022-01-20,100,5.0,"Airport Kiosk, Houston"
515,2022-12-18,83,7.0,"Online Shop, Phoenix"
516,2022-12-25,367,3.0,"Online Shop, Phoenix"
517,2022-09-30,297,4.0,"Suburban Outlet, Los Angeles"
518,2022-04-23,184,4.0,"Airport Kiosk, Houston"
519,2022-11-19,66,5.0,"Online Shop, Phoenix"
520,2022-01-25,235,8.0,"Suburban Outlet, Los Angeles"
521,2022-11-05,284,6.0,"Airport Kiosk, Houston"
522,2022-02-27,400,3.0,"Airport Kiosk, Houston"
523,2022-03-19,144,1.0,"Mall Branch, Chicago"
524,2022-01-01,298,1.0,"Airport Kiosk, Houston"
525,2022-06-30,462,4.0,"Suburban Outlet, Los Angeles"
526,2022-07-19,7,8.0,"Airport Kiosk, Houston"
527,2022-10-16,127,4.0,"Airport Kiosk, Houston"
528,2022-08-12,251,2.0,"Airport Kiosk, Houston"
529,2022-11-03,225,4.0,"Mall Branch, Chicago"
530,2022-01-15,477,7.0,"Online Shop, Phoenix"
531,2022-05-07,313,8.0,"Airport Kiosk, Houston"
532,2022-10-15,181,5.0,"Downtown Store, New York"
533,2022-06-17,135,3.0,"Online Shop, Phoenix"
534,2022-05-13,335,1.0,"Downtown Store, New York"
535,2022-10-26,416,3.0,"Airport Kiosk, Houston"
536,2022-10-08,391,2.0,"Mall Branch, Chicago"
537,2022-11-10,34,1.0,"Suburban Outlet, Los Angeles"
538,2022-12-01,384,7.0,"Online Shop, Phoenix"
539,2022-03-09,187,4.0,"Airport Kiosk, Houston"
540,2022-08-04,251,4.0,"Downtown Store, New York"
541,2022-03-24,383,7.0,"Airport Kiosk, Houston"
542,2022-12-02,47,7.0,"Suburban Outlet, Los Angeles"
543,2022-01-18,128,6.0,"Airport Kiosk, Houston"
544,2022-08-07,27,4.0,"Downtown Store, New York"
545,2022-08-24,52,5.0,"Downtown Store, New York"
546,2022-12-12,161,1.0,"Airport Kiosk, Houston"
547,2022-09-02,189,9.0,"Airport Kiosk, Houston"
548,2022-11-01,252,1.0,"Online Shop, Phoenix"
549,2022-02-04,303,2.0,"Mall Branch, Chicago"
550,2022-07-30,96,5.0,"Suburban Outlet, Los Angeles"
551,2022-06-23,136,1.0,"Mall Branch, Chicago"
552,2022-01-20,178,5.0,"Airport Kiosk, Houston"
553,2022-12-03,296,5.0,"Mall Branch, Chicago"
554,2022-05-16,194,3.0,"Suburban Outlet, Los Angeles"
555,2022-01-31,262,9.0,"Mall Branch, Chicago"
556,2022-08-31,102,3.0,"Suburban Outlet, Los Angeles"
557,2022-02-21,156,2.0,"Downtown Store, New York"
558,2022-12-13,423,6.0,"Downtown Store, New York"
559,2022-03-13,46,8.0,"Airport Kiosk, Houston"
560,2022-01-13,152,6.0,"Mall Branch, Chicago"
561,2022-11-18,269,5.0,"Downtown Store, New York"
562,2022-06-24,138,7.0,"Mall Branch, Chicago"
563,2022-09-08,158,6.0,"Downtown Store, New York"
564,2022-05-20,158,4.0,"Airport Kiosk, Houston"
565,2022-12-29,14,9.0,"Downtown Store, New York"
566,2022-10-14,88,8.0,"Downtown Store, New York"
567,2022-12-28,281,1.0,"Suburban Outlet, Los Angeles"
568,2022-08-23,138,6.0,"Airport Kiosk, Houston"
569,2022-03-09,69,9.0,"Online Shop, Phoenix"
570,2022-12-24,422,7.0,"Mall Branch, Chicago"
571,2022-06-17,441,7.0,"Online Shop, Phoenix"
572,2022-08-14,204,6.0,"Online Shop, Phoenix"
573,2022-05-26,343,8.0,"Suburban Outlet, Los Angeles"
574,2022-08-31,189,2.0,"Online Shop, Phoenix"
575,2022-12-19,153,1.0,"Downtown Store, New York"
576,2022-11-10,102,1.0,"Suburban Outlet, Los Angeles"
577,2022-08-29,105,3.0,"Suburban Outlet, Los Angeles"
578,2022-06-19,489,6.0,"Suburban Outlet, Los Angeles"
579,2022-05-29,181,9.0,"Airport Kiosk, Houston"
580,2022-05-11,54,1.0,"Online Shop, Phoenix"
581,2022-06-09,355,7.0,"Suburban Outlet, Los Angeles"
582,2022-03-19,431,4.0,"Downtown Store, New York"
583,2022-11-14,162,8.0,"Downtown Store, New York"
584,2022-02-13,142,6.0,"Suburban Outlet, Los Angeles"
585,2022-07-29,482,1.0,"Airport Kiosk, Houston"
586,2022-09-10,456,4.0,"Mall Branch, Chicago"
587,2022-04-13,13,8.0,"Suburban Outlet, Los Angeles"
588,2022-09-26,202,5.0,"Mall Branch, Chicago"
589,2022-05-18,431,7.0,"Airport Kiosk, Houston"
590,2022-09-14,286,9.0,"Suburban Outlet, Los Angeles"
591,2022-07-16,269,3.0,"Suburban Outlet, Los Angeles"
592,2022-08-01,184,2.0,"Downtown Store, New York"
593,2022-03-03,49,3.0,"Suburban Outlet, Los Angeles"
594,2022-02-06,247,9.0,"Suburban Outlet, Los Angeles"
595,2022-03-07,292,4.0,"Suburban Outlet, Los Angeles"
596,2022-11-03,35,7.0,"Downtown Store, New York"
597,2022-11-11,59,,"Mall Branch, Chicago"
598,2022-02-04,189,8.0,"Downtown Store, New York"
599,2022-05-30,130,4.0,"Downtown Store, New York"
600,2022-09-22,146,1.0,"Suburban Outlet, Los Angeles"
601,2022-03-16,172,6.0,"Suburban Outlet, Los Angeles"
602,2022-01-24,241,9.0,"Online Shop, Phoenix"
603,2022-01-23,440,8.0,"Online Shop, Phoenix"
604,2022-02-25,10,6.0,"Airport Kiosk, Houston"
605,2022-03-19,440,7.0,"Online Shop, Phoenix"
606,2022-03-12,250,9.0,"Suburban Outlet, Los Angeles"
607,2022-08-11,145,4.0,"Airport Kiosk, Houston"
608,2022-06-13,324,7.0,"Mall Branch, Chicago"
609,2022-11-28,170,1.0,"Online Shop, Phoenix"
610,2022-05-23,471,6.0,"Online Shop, Phoenix"
611,2022-11-26,304,2.0,"Suburban Outlet, Los Angeles"
612,2022-06-10,213,4.0,"Suburban Outlet, Los Angeles"
613,2022-09-04,89,1.0,"Downtown Store, New York"
614,2022-08-24,226,4.0,"Downtown Store, New York"
615,2022-04-28,315,3.0,"Online Shop, Phoenix"
616,2022-12-13,469,2.0,
617,2022-04-30,214,2.0,"Airport Kiosk, Houston"
618,2022-03-25,293,2.0,"Online Shop, Phoenix"
619,2022-08-10,237,8.0,"Suburban Outlet, Los Angeles"
620,2022-09-15,269,9.0,"Suburban Outlet, Los Angeles"
621,2022-01-05,27,5.0,"Airport Kiosk, Houston"
622,2022-06-14,3,3.0,"Mall Branch, Chicago"
623,2022-03-08,251,4.0,"Mall Branch, Chicago"
624,2022-11-21,279,9.0,"Suburban Outlet, Los Angeles"
625,2022-04-11,47,8.0,"Downtown Store, New York"
626,2022-04-28,340,2.0,"Mall Branch, Chicago"
627,2022-07-02,250,9.0,"Downtown Store, New York"
628,2022-11-19,19,7.0,"Suburban Outlet, Los Angeles"
629,2022-03-14,35,9.0,"Suburban Outlet, Los Angeles"
630,2022-12-27,96,1.0,"Downtown Store, New York"
631,2022-09-14,196,4.0,"Suburban Outlet, Los Angeles"
632,2022-08-05,1,2.0,"Online Shop, Phoenix"
633,2022-10-14,156,2.0,"Suburban Outlet, Los Angeles"
634,2022-04-05,49,2.0,"Online Shop, Phoenix"
635,2022-11-20,495,3.0,"Airport Kiosk, Houston"
636,2022-04-21,215,3.0,"Downtown Store, New York"
637,2022-05-31,388,5.0,"Mall Branch, Chicago"
638,2022-12-13,253,3.0,"Airport Kiosk, Houston"
639,2022-12-21,481,8.0,"Downtown Store, New York"
640,2022-10-21,12,5.0,"Mall Branch, Chicago"
641,2022-01-12,113,1.0,"Online Shop, Phoenix"
642,2022-06-24,217,8.0,"Mall Branch, Chicago"
643,2022-12-26,157,8.0,"Online Shop, Phoenix"
644,2022-01-10,297,5.0,"Suburban Outlet, Los Angeles"
645,2022-02-02,202,2.0,"Suburban Outlet, Los Angeles"
646,2022-09-19,259,7.0,"Online Shop, Phoenix"
647,2022-07-05,463,9.0,"Airport Kiosk, Houston"
648,2022-06-26,60,1.0,"Mall Branch, Chicago"
649,2022-03-23,267,5.0,"Online Shop, Phoenix"
650,2022-10-27,389,6.0,"Airport Kiosk, Houston"
651,2022-11-20,202,9.0,"Mall Branch, Chicago"
652,2022-07-15,366,,"Airport Kiosk, Houston"
653,2022-03-13,128,1.0,"Online Shop, Phoenix"
654,2022-11-28,91,1.0,"Mall Branch, Chicago"
655,2022-11-07,108,8.0,"Mall Branch, Chicago"
656,2022-02-27,254,2.0,"Airport Kiosk, Houston"
657,2022-05-06,265,1.0,"Suburban Outlet, Los Angeles"
658,2022-03-31,294,6.0,"Mall Branch, Chicago"
659,2022-08-02,489,9.0,"Airport Kiosk, Houston"
660,2022-05-23,227,2.0,"Suburban Outlet, Los Angeles"
661,2022-02-28,493,5.0,"Downtown Store, New York"
662,2022-10-01,247,2.0,"Airport Kiosk, Houston"
663,2022-12-08,103,9.0,"Mall Branch, Chicago"
664,2022-04-13,348,1.0,"Downtown Store, New York"
665,2022-03-13,241,3.0,"Online Shop, Phoenix"
666,2022-07-13,443,9.0,"Downtown Store, New York"
667,2022-09-28,443,,"Downtown Store, New York"
668,2022-11-12,434,1.0,"Downtown Store, New York"
669,2022-08-18,246,8.0,"Suburban Outlet, Los Angeles"
670,2022-03-15,276,8.0,"Suburban Outlet, Los Angeles"
671,2022-04-11,292,4.0,"Suburban Outlet, Los Angeles"
672,2022-03-12,421,7.0,"Downtown Store, New York"
673,2022-01-27,125,2.0,"Mall Branch, Chicago"
674,2022-11-17,331,9.0,"Mall Branch, Chicago"
675,2022-07-26,306,5.0,"Downtown Store, New York"
676,2022-08-08,147,6.0,"Downtown Store, New York"
677,2022-02-15,261,4.0,"Mall Branch, Chicago"
678,2022-06-10,473,2.0,"Airport Kiosk, Houston"
679,2022-05-23,464,9.0,"Online Shop, Phoenix"
680,2022-07-03,306,6.0,"Downtown Store, New York"
681,2022-05-16,479,8.0,"Downtown Store, New York"
682,2022-07-29,270,5.0,"Suburban Outlet, Los Angeles"
683,2022-01-03,436,4.0,"Suburban Outlet, Los Angeles"
684,2022-09-30,401,8.0,"Downtown Store, New York"
685,2022-04-30,440,5.0,"Airport Kiosk, Houston"
686,2022-12-18,105,5.0,"Airport Kiosk, Houston"
687,2022-05-19,494,1.0,"Suburban Outlet, Los Angeles"
688,2022-08-22,204,8.0,"Online Shop, Phoenix"
689,2022-04-19,62,6.0,"Downtown Store, New York"
690,2022-07-25,355,4.0,"Airport Kiosk, Houston"
691,2022-05-16,274,2.0,"Airport Kiosk, Houston"
692,2022-04-13,199,3.0,"Downtown Store, New York"
693,2022-11-13,25,8.0,"Online Shop, Phoenix"
694,2022-08-21,94,1.0,"Suburban Outlet, Los Angeles"
695,2022-12-02,222,5.0,"Downtown Store, New York"
696,2022-10-01,67,6.0,"Online Shop, Phoenix"
697,2022-06-02,204,5.0,"Mall Branch, Chicago"
698,2022-02-14,47,3.0,"Mall Branch, Chicago"
699,2022-12-01,169,3.0,"Online Shop, Phoenix"
700,2022-08-15,210,3.0,"Suburban Outlet, Los Angeles"
701,2022-09-13,168,2.0,"Downtown Store, New York"
702,2022-02-09,266,8.0,"Airport Kiosk, Houston"
703,2022-11-23,364,2.0,"Downtown Store, New York"
704,2022-02-04,283,8.0,"Suburban Outlet, Los Angeles"
705,2022-01-13,277,8.0,"Mall Branch, Chicago"
706,2022-04-03,442,4.0,"Downtown Store, New York"
707,2022-04-08,453,2.0,"Online Shop, Phoenix"
708,2022-05-17,107,8.0,"Downtown Store, New York"
709,2022-01-06,323,8.0,"Downtown Store, New York"
710,2022-02-15,53,8.0,"Mall Branch, Chicago"
711,2022-05-30,296,9.0,"Mall Branch, Chicago"
712,2022-06-16,340,4.0,"Airport Kiosk, Houston"
713,2022-12-13,448,1.0,"Mall Branch, Chicago"
714,2022-12-27,373,8.0,"Mall Branch, Chicago"
715,2022-10-19,136,6.0,"Downtown Store, New York"
716,2022-07-18,32,6.0,"Mall Branch, Chicago"
717,2022-07-13,97,6.0,"Downtown Store, New York"
718,2022-12-08,197,6.0,"Downtown Store, New York"
719,2022-07-10,156,3.0,"Online Shop, Phoenix"
720,2022-05-13,153,1.0,"Downtown Store, New York"
721,2022-12-12,491,5.0,"Airport Kiosk, Houston"
722,2022-09-04,312,9.0,"Downtown Store, New York"
723,2022-02-22,137,7.0,"Downtown Store, New York"
724,2022-09-06,45,2.0,"Suburban Outlet, Los Angeles"
725,2022-05-31,310,6.0,
726,2022-10-19,219,7.0,"Suburban Outlet, Los Angeles"
727,2022-12-29,39,8.0,"Online Shop, Phoenix"
728,2022-08-28,156,5.0,"Downtown Store, New York"
729,2022-12-12,227,8.0,"Airport Kiosk, Houston"
730,2022-03-19,44,7.0,"Airport Kiosk, Houston"
731,2022-02-17,461,9.0,"Online Shop, Phoenix"
732,2022-06-16,240,1.0,"Mall Branch, Chicago"
733,2022-02-22,9,4.0,"Airport Kiosk, Houston"
734,2022-04-03,169,7.0,"Mall Branch, Chicago"
735,2022-10-28,121,9.0,"Online Shop, Phoenix"
736,2022-02-13,494,6.0,"Mall Branch, Chicago"
737,2022-07-02,289,5.0,"Online Shop, Phoenix"
738,2022-10-08,449,9.0,"Downtown Store, New York"
739,2022-02-02,496,6.0,"Downtown Store, New York"
740,2022-05-23,210,1.0,"Downtown Store, New York"
741,2022-11-28,205,2.0,"Suburban Outlet, Los Angeles"
742,2022-11-28,17,3.0,"Airport Kiosk, Houston"
743,2022-07-29,118,8.0,"Online Shop, Phoenix"
744,2022-03-25,249,8.0,"Mall Branch, Chicago"
745,2022-01-30,332,5.0,"Online Shop, Phoenix"
746,2022-12-11,80,6.0,"Suburban Outlet, Los Angeles"
747,2022-03-28,221,3.0,"Mall Branch, Chicago"
748,2022-04-11,52,3.0,"Suburban Outlet, Los Angeles"
749,2022-02-21,449,5.0,"Mall Branch, Chicago"
750,2022-08-22,367,1.0,"Airport Kiosk, Houston"
751,2022-10-22,221,6.0,"Downtown Store, New York"
752,2022-03-02,421,9.0,"Downtown Store, New York"
753,2022-12-19,61,6.0,"Airport Kiosk, Houston"
754,2022-07-18,19,2.0,"Airport Kiosk, Houston"
755,2022-03-19,210,9.0,"Downtown Store, New York"
756,2022-08-02,154,9.0,"Online Shop, Phoenix"
757,2022-04-07,41,5.0,"Mall Branch, Chicago"
758,2022-05-05,410,1.0,"Online Shop, Phoenix"
759,2022-01-01,261,6.0,"Online Shop, Phoenix"
760,2022-01-25,395,8.0,"Airport Kiosk, Houston"
761,2022-09-17,98,2.0,"Downtown Store, New York"
762,2022-05-10,87,7.0,"Mall Branch, Chicago"
763,2022-01-03,226,9.0,"Downtown Store, New York"
764,2022-01-02,367,9.0,"Downtown Store, New York"
765,2022-02-25,211,8.0,"Downtown Store, New York"
766,2022-06-30,164,6.0,"Airport Kiosk, Houston"
767,2022-05-12,241,9.0,"Downtown Store, New York"
768,2022-05-27,85,2.0,"Downtown Store, New York"
769,2022-01-01,390,7.0,"Mall Branch, Chicago"
770,2022-07-07,315,1.0,"Airport Kiosk, Houston"
771,2022-06-29,100,6.0,"Online Shop, Phoenix"
772,2022-10-22,432,6.0,"Suburban Outlet, Los Angeles"
773,2022-10-20,462,4.0,"Downtown Store, New York"
774,2022-04-28,489,5.0,"Downtown Store, New York"
775,2022-03-07,104,7.0,"Mall Branch, Chicago"
776,2022-09-08,415,6.0,"Online Shop, Phoenix"
777,2022-07-12,396,4.0,"Suburban Outlet, Los Angeles"
778,2022-11-14,9,9.0,"Mall Branch, Chicago"
779,2022-07-14,122,8.0,"Suburban Outlet, Los Angeles"
780,2022-08-06,27,8.0,"Mall Branch, Chicago"
781,2022-03-24,105,9.0,"Mall Branch, Chicago"
782,2022-04-14,96,9.0,"Airport Kiosk, Houston"
783,2022-04-28,475,7.0,"Mall Branch, Chicago"
784,2022-02-06,51,8.0,"Online Shop, Phoenix"
785,2022-07-18,230,9.0,"Airport Kiosk, Houston"
786,2022-07-01,20,3.0,"Suburban Outlet, Los Angeles"
787,2022-05-01,440,4.0,"Airport Kiosk, Houston"
788,2022-11-10,253,5.0,"Suburban Outlet, Los Angeles"
789,2022-03-22,288,5.0,"Suburban Outlet, Los Angeles"
790,2022-11-06,455,5.0,"Suburban Outlet, Los Angeles"
791,2022-08-22,436,5.0,"Mall Branch, Chicago"
792,2022-10-20,294,2.0,"Online Shop, Phoenix"
793,2022-12-21,140,3.0,"Airport Kiosk, Houston"
794,2022-07-03,336,6.0,"Suburban Outlet, Los Angeles"
795,2022-06-01,429,7.0,"Online Shop, Phoenix"
796,2022-10-07,310,7.0,"Suburban Outlet, Los Angeles"
797,2022-03-09,133,3.0,"Suburban Outlet, Los Angeles"
798,2022-04-17,484,6.0,"Downtown Store, New York"
799,2022-07-08,243,1.0,"Suburban Outlet, Los Angeles"
800,2022-01-20,402,2.0,"Downtown Store, New York"
801,2022-08-10,493,2.0,"Downtown Store, New York"
802,2022-09-13,26,2.0,"Suburban Outlet, Los Angeles"
803,2022-01-21,439,9.0,"Online Shop, Phoenix"
804,2022-09-13,379,4.0,"Online Shop, Phoenix"
805,2022-01-01,77,4.0,"Mall Branch, Chicago"
806,2022-10-05,257,3.0,"Downtown Store, New York"
807,2022-08-29,353,4.0,"Online Shop, Phoenix"
808,2022-03-21,455,4.0,"Online Shop, Phoenix"
809,2022-12-24,228,1.0,"Mall Branch, Chicago"
810,2022-09-26,426,9.0,"Downtown Store, New York"
811,2022-06-14,361,5.0,"Suburban Outlet, Los Angeles"
812,2022-11-28,84,9.0,"Downtown Store, New York"
813,2022-03-12,124,1.0,"Airport Kiosk, Houston"
814,2022-02-12,100,4.0,"Online Shop, Phoenix"
815,2022-10-21,350,1.0,"Mall Branch, Chicago"
816,2022-04-28,491,9.0,"Downtown Store, New York"
817,2022-11-28,216,4.0,"Mall Branch, Chicago"
818,2022-06-08,282,1.0,"Airport Kiosk, Houston"
819,2022-03-03,213,9.0,"Suburban Outlet, Los Angeles"
820,2022-01-09,380,2.0,"Suburban Outlet, Los Angeles"
821,2022-03-22,429,7.0,"Online Shop, Phoenix"
822,2022-02-28,329,1.0,"Downtown Store, New York"
823,2022-04-26,39,7.0,"Airport Kiosk, Houston"
824,2022-03-23,471,,"Downtown Store, New York"
825,2022-02-24,232,3.0,"Downtown Store, New York"
826,2022-10-12,307,4.0,"Mall Branch, Chicago"
827,2022-07-23,144,6.0,"Online Shop, Phoenix"
828,2022-10-16,389,4.0,"Online Shop, Phoenix"
829,2022-05-08,204,8.0,"Downtown Store, New York"
830,2022-05-30,283,7.0,"Downtown Store, New York"
831,2022-04-08,76,1.0,"Airport Kiosk, Houston"
832,2022-10-14,283,5.0,"Downtown Store, New York"
833,2022-04-30,461,9.0,"Online Shop, Phoenix"
834,2022-12-10,285,5.0,"Mall Branch, Chicago"
835,2022-08-20,385,3.0,"Airport Kiosk, Houston"
836,2022-04-20,326,3.0,"Mall Branch, Chicago"
837,2022-08-03,58,9.0,"Downtown Store, New York"
838,2022-10-17,487,4.0,"Airport Kiosk, Houston"
839,2022-09-01,14,5.0,"Mall Branch, Chicago"
840,2022-11-28,279,4.0,"Airport Kiosk, Houston"
841,2022-12-24,252,5.0,"Suburban Outlet, Los Angeles"
842,2022-06-28,252,3.0,"Suburban Outlet, Los Angeles"
843,2022-03-26,473,9.0,"Online Shop, Phoenix"
844,2022-08-22,318,2.0,"Airport Kiosk, Houston"
845,2022-06-24,91,1.0,"Airport Kiosk, Houston"
846,2022-04-19,63,4.0,"Online Shop, Phoenix"
847,2022-08-28,134,9.0,"Suburban Outlet, Los Angeles"
848,2022-06-13,339,4.0,"Airport Kiosk, Houston"
849,2022-04-21,301,5.0,"Online Shop, Phoenix"
850,2022-11-19,367,9.0,"Online Shop, Phoenix"
851,2022-02-19,221,5.0,"Airport Kiosk, Houston"
852,2022-02-12,68,2.0,"Suburban Outlet, Los Angeles"
853,2022-10-13,24,6.0,"Mall Branch, Chicago"
854,2022-12-18,394,5.0,"Suburban Outlet, Los Angeles"
855,2022-03-21,436,6.0,"Airport Kiosk, Houston"
856,2022-11-28,6,9.0,"Airport Kiosk, Houston"
857,2022-03-13,219,8.0,"Airport Kiosk, Houston"
858,2022-12-30,34,1.0,"Suburban Outlet, Los Angeles"
859,2022-09-08,130,7.0,"Mall Branch, Chicago"
860,2022-11-06,64,2.0,"Mall Branch, Chicago"
861,2022-01-31,481,2.0,"Online Shop, Phoenix"
862,2022-01-17,85,5.0,"Online Shop, Phoenix"
863,2022-10-28,190,6.0,"Downtown Store, New York"
864,2022-10-23,496,2.0,"Downtown Store, New York"
865,2022-02-09,348,6.0,"Downtown Store, New York"
866,2022-09-21,235,6.0,"Downtown Store, New York"
867,2022-12-20,205,4.0,"Mall Branch, Chicago"
868,2022-05-23,288,8.0,"Airport Kiosk, Houston"
869,2022-01-20,238,2.0,"Mall Branch, Chicago"
870,2022-11-07,476,8.0,"Mall Branch, Chicago"
871,2022-09-23,443,1.0,"Online Shop, Phoenix"
872,2022-10-03,388,7.0,"Mall Branch, Chicago"
873,2022-02-26,244,7.0,"Downtown Store, New York"
874,2022-07-29,85,6.0,"Online Shop, Phoenix"
875,2022-09-26,395,4.0,"Downtown Store, New York"
876,2022-06-02,180,1.0,"Online Shop, Phoenix"
877,2022-01-11,74,7.0,"Online Shop, Phoenix"
878,2022-01-19,454,5.0,"Suburban Outlet, Los Angeles"
879,2022-06-09,142,8.0,"Online Shop, Phoenix"
880,2022-07-19,317,6.0,"Suburban Outlet, Los Angeles"
881,2022-04-13,105,5.0,"Airport Kiosk, Houston"
882,2022-02-19,338,9.0,"Downtown Store, New York"
883,2022-02-25,443,4.0,"Mall Branch, Chicago"
884,2022-07-22,302,8.0,"Airport Kiosk, Houston"
885,2022-03-27,154,8.0,"Mall Branch, Chicago"
886,2022-06-23,388,9.0,"Downtown Store, New York"
887,2022-07-02,449,4.0,"Mall Branch, Chicago"
888,2022-02-15,247,2.0,"Online Shop, Phoenix"
889,2022-01-21,207,9.0,"Airport Kiosk, Houston"
890,2022-05-11,245,6.0,"Suburban Outlet, Los Angeles"
891,2022-06-06,271,5.0,"Mall Branch, Chicago"
892,2022-08-24,216,5.0,"Airport Kiosk, Houston"
893,2022-02-22,455,2.0,"Suburban Outlet, Los Angeles"
894,2022-07-29,272,2.0,"Downtown Store, New York"
895,2022-10-11,6,9.0,"Downtown Store, New York"
896,2022-06-07,311,,"Airport Kiosk, Houston"
897,2022-03-31,1,4.0,"Suburban Outlet, Los Angeles"
898,2022-02-16,232,3.0,"Airport Kiosk, Houston"
899,2022-10-01,200,7.0,"Airport Kiosk, Houston"
900,2022-02-01,446,4.0,"Suburban Outlet, Los Angeles"
901,2022-05-07,338,1.0,"Online Shop, Phoenix"
902,2022-06-02,289,1.0,"Mall Branch, Chicago"
903,2022-08-28,59,6.0,"Mall Branch, Chicago"
904,2022-06-30,30,9.0,"Mall Branch, Chicago"
905,2022-04-12,416,8.0,"Airport Kiosk, Houston"
906,2022-03-05,464,,"Mall Branch, Chicago"
907,2022-10-02,204,9.0,"Airport Kiosk, Houston"
908,2022-07-01,492,1.0,"Airport Kiosk, Houston"
909,2022-04-30,416,2.0,"Suburban Outlet, Los Angeles"
910,2022-06-10,275,3.0,"Downtown Store, New York"
911,2022-08-24,108,1.0,"Suburban Outlet, Los Angeles"
912,2022-10-17,103,9.0,"Online Shop, Phoenix"
913,2022-05-29,471,3.0,"Mall Branch, Chicago"
914,2022-09-12,328,9.0,"Suburban Outlet, Los Angeles"
915,2022-06-20,245,1.0,"Suburban Outlet, Los Angeles"
916,2022-12-13,484,7.0,"Suburban Outlet, Los Angeles"
917,2022-06-21,191,7.0,"Online Shop, Phoenix"
918,2022-12-26,20,7.0,"Online Shop, Phoenix"
919,2022-05-02,326,4.0,"Mall Branch, Chicago"
920,2022-06-01,178,5.0,"Downtown Store, New York"
921,2022-02-27,193,4.0,"Mall Branch, Chicago"
922,2022-07-01,492,1.0,"Downtown Store, New York"
923,2022-08-04,386,4.0,"Downtown Store, New York"
924,2022-02-12,307,7.0,"Online Shop, Phoenix"
925,2022-11-20,182,7.0,"Online Shop, Phoenix"
926,2022-07-24,61,7.0,"Suburban Outlet, Los Angeles"
927,2022-10-26,59,6.0,"Mall Branch, Chicago"
928,2022-06-06,463,1.0,"Downtown Store, New York"
929,2022-03-31,373,2.0,"Downtown Store, New York"
930,2022-11-15,186,5.0,"Downtown Store, New York"
931,2022-04-18,147,8.0,"Suburban Outlet, Los Angeles"
932,2022-03-18,170,3.0,"Online Shop, Phoenix"
933,2022-09-09,263,7.0,"Online Shop, Phoenix"
934,2022-12-02,229,1.0,"Suburban Outlet, Los Angeles"
935,2022-08-23,172,2.0,"Mall Branch, Chicago"
936,2022-04-10,242,2.0,"Mall Branch, Chicago"
937,2022-02-14,417,1.0,"Suburban Outlet, Los Angeles"
938,2022-12-05,332,2.0,"Online Shop, Phoenix"
939,2022-01-15,216,6.0,"Mall Branch, Chicago"
940,2022-08-25,124,1.0,"Downtown Store, New York"
941,2022-05-29,281,7.0,"Downtown Store, New York"
942,2022-03-28,51,2.0,"Online Shop, Phoenix"
943,2022-02-22,393,1.0,"Suburban Outlet, Los Angeles"
944,2022-12-02,118,6.0,"Suburban Outlet, Los Angeles"
945,2022-03-21,84,7.0,"Mall Branch, Chicago"
946,2022-09-17,259,9.0,"Online Shop, Phoenix"
947,2022-07-02,499,7.0,"Online Shop, Phoenix"
948,2022-03-22,29,1.0,"Mall Branch, Chicago"
949,2022-10-11,39,2.0,"Online Shop, Phoenix"
950,2022-01-16,249,8.0,"Online Shop, Phoenix"
951,2022-03-31,431,6.0,"Mall Branch, Chicago"
952,2022-02-11,300,6.0,"Online Shop, Phoenix"
953,2022-04-15,354,1.0,"Mall Branch, Chicago"
954,2022-05-03,373,1.0,"Airport Kiosk, Houston"
955,2022-04-15,14,2.0,"Suburban Outlet, Los Angeles"
956,2022-06-22,302,6.0,"Suburban Outlet, Los Angeles"
957,2022-07-13,34,7.0,"Online Shop, Phoenix"
958,2022-11-15,267,5.0,"Downtown Store, New York"
959,2022-06-29,372,9.0,"Downtown Store, New York"
960,2022-05-06,344,6.0,"Suburban Outlet, Los Angeles"
961,2022-03-18,382,6.0,"Downtown Store, New York"
962,2022-06-24,334,9.0,"Mall Branch, Chicago"
963,2022-11-11,372,2.0,"Mall Branch, Chicago"
964,2022-08-08,495,3.0,"Airport Kiosk, Houston"
965,2022-06-09,287,9.0,"Downtown Store, New York"
966,2022-02-13,65,6.0,"Suburban Outlet, Los Angeles"
967,2022-01-27,364,7.0,"Airport Kiosk, Houston"
968,2022-04-13,200,8.0,"Online Shop, Phoenix"
969,2022-02-22,324,3.0,"Mall Branch, Chicago"
970,2022-12-24,127,5.0,"Suburban Outlet, Los Angeles"
971,2022-01-26,367,7.0,"Suburban Outlet, Los Angeles"
972,2022-01-04,129,1.0,"Downtown Store, New York"
973,2022-11-28,352,4.0,"Suburban Outlet, Los Angeles"
974,2022-10-11,393,4.0,"Online Shop, Phoenix"
975,2022-02-11,324,7.0,"Downtown Store, New York"
976,2022-10-27,12,4.0,"Downtown Store, New York"
977,2022-10-31,408,2.0,"Airport Kiosk, Houston"
978,2022-10-20,21,8.0,"Downtown Store, New York"
979,2022-06-21,258,4.0,"Airport Kiosk, Houston"
980,2022-08-19,199,4.0,"Online Shop, Phoenix"
981,2022-08-05,239,4.0,"Suburban Outlet, Los Angeles"
982,2022-12-04,325,2.0,"Online Shop, Phoenix"
983,2022-08-04,171,2.0,"Downtown Store, New York"
984,2022-06-06,356,1.0,"Suburban Outlet, Los Angeles"
985,2022-01-19,125,7.0,"Suburban Outlet, Los Angeles"
986,2022-05-19,240,9.0,"Mall Branch, Chicago"
987,2022-01-21,279,9.0,"Online Shop, Phoenix"
988,2022-08-19,159,2.0,"Airport Kiosk, Houston"
989,2022-12-05,39,9.0,"Online Shop, Phoenix"
990,2022-03-18,332,5.0,"Online Shop, Phoenix"
991,2022-12-17,309,4.0,"Suburban Outlet, Los Angeles"
992,2022-04-16,355,5.0,"Online Shop, Phoenix"
993,2022-07-16,196,9.0,"Online Shop, Phoenix"
994,2022-01-04,370,4.0,"Online Shop, Phoenix"
995,2022-01-28,491,1.0,"Mall Branch, Chicago"
996,2022-09-01,193,8.0,"Suburban Outlet, Los Angeles"
997,2022-06-29,7,2.0,"Airport Kiosk, Houston"
998,2022-02-28,34,1.0,"Downtown Store, New York"
999,2022-11-16,286,9.0,"Suburban Outlet, Los Angeles"
1000,2022-05-29,342,2.0,"Mall Branch, Chicago"
1001,2022-07-12,15,,"Airport Kiosk, Houston"
1002,2022-02-11,309,4.0,"Downtown Store, New York"
1003,2022-11-06,87,1.0,"Suburban Outlet, Los Angeles"
1004,2022-08-16,92,4.0,"Downtown Store, New York"
1005,2022-12-27,196,6.0,"Mall Branch, Chicago"
1006,2022-06-18,370,6.0,"Online Shop, Phoenix"
1007,2022-10-26,351,2.0,"Downtown Store, New York"
1008,2022-08-01,104,4.0,"Suburban Outlet, Los Angeles"
1009,2022-06-14,431,6.0,"Mall Branch, Chicago"
1010,2022-04-22,344,2.0,"Mall Branch, Chicago"
1011,2022-12-24,25,1.0,"Mall Branch, Chicago"
1012,2022-04-19,236,4.0,"Online Shop, Phoenix"
1013,2022-02-17,398,5.0,"Online Shop, Phoenix"
1014,2022-11-01,417,6.0,"Suburban Outlet, Los Angeles"
1015,2022-01-22,33,7.0,"Mall Branch, Chicago"
1016,2022-02-28,243,6.0,"Airport Kiosk, Houston"
1017,2022-05-08,375,4.0,"Mall Branch, Chicago"
1018,2022-02-12,498,2.0,"Suburban Outlet, Los Angeles"
1019,2022-01-25,282,3.0,"Mall Branch, Chicago"
1020,2022-02-12,330,5.0,"Mall Branch, Chicago"
1021,2022-02-05,358,1.0,"Airport Kiosk, Houston"
1022,2022-04-28,365,2.0,"Suburban Outlet, Los Angeles"
1023,2022-06-22,146,6.0,"Mall Branch, Chicago"
1024,2022-01-04,152,3.0,"Online Shop, Phoenix"
1025,2022-05-30,292,2.0,"Downtown Store, New York"
1026,2022-06-20,378,9.0,"Airport Kiosk, Houston"
1027,2022-05-19,292,4.0,"Airport Kiosk, Houston"
1028,2022-04-29,163,4.0,"Suburban Outlet, Los Angeles"
1029,2022-01-03,85,8.0,"Online Shop, Phoenix"
1030,2022-06-05,454,5.0,"Online Shop, Phoenix"
1031,2022-09-09,277,6.0,"Online Shop, Phoenix"
1032,2022-04-14,263,7.0,"Suburban Outlet, Los Angeles"
1033,2022-08-08,393,3.0,"Suburban Outlet, Los Angeles"
1034,2022-04-17,257,8.0,"Suburban Outlet, Los Angeles"
1035,2022-02-23,318,3.0,"Mall Branch, Chicago"
1036,2022-04-21,237,7.0,"Mall Branch, Chicago"
1037,2022-04-04,90,3.0,"Airport Kiosk, Houston"
1038,2022-04-02,359,1.0,"Airport Kiosk, Houston"
1039,2022-11-11,72,5.0,"Downtown Store, New York"
1040,2022-07-30,458,8.0,"Downtown Store, New York"
1041,2022-12-29,379,2.0,"Airport Kiosk, Houston"
1042,2022-02-16,263,7.0,"Downtown Store, New York"
1043,2022-02-21,222,4.0,"Mall Branch, Chicago"
1044,2022-12-01,454,7.0,"Airport Kiosk, Houston"
1045,2022-09-15,421,1.0,"Suburban Outlet, Los Angeles"
1046,2022-01-03,158,2.0,"Online Shop, Phoenix"
1047,2022-07-27,104,6.0,"Suburban Outlet, Los Angeles"
1048,2022-01-25,20,8.0,"Downtown Store, New York"
1049,2022-05-12,48,5.0,"Suburban Outlet, Los Angeles"
1050,2022-07-28,407,2.0,"Airport Kiosk, Houston"
1051,2022-09-11,68,9.0,"Airport Kiosk, Houston"
1052,2022-10-24,136,3.0,"Downtown Store, New York"
1053,2022-04-18,57,5.0,"Airport Kiosk, Houston"
1054,2022-09-24,94,2.0,"Suburban Outlet, Los Angeles"
1055,2022-04-05,213,,"Online Shop, Phoenix"
1056,2022-04-18,329,1.0,"Downtown Store, New York"
1057,2022-04-14,147,4.0,"Online Shop, Phoenix"
1058,2022-06-29,407,3.0,"Mall Branch, Chicago"
1059,2022-11-23,151,3.0,"Online Shop, Phoenix"
1060,2022-10-04,470,2.0,"Airport Kiosk, Houston"
1061,2022-09-01,47,5.0,"Suburban Outlet, Los Angeles"
1062,2022-10-26,296,8.0,"Online Shop, Phoenix"
1063,2022-03-08,57,8.0,"Online Shop, Phoenix"
1064,2022-07-07,163,7.0,"Suburban Outlet, Los Angeles"
1065,2022-07-06,61,7.0,"Downtown Store, New York"
1066,2022-11-13,99,4.0,"Suburban Outlet, Los Angeles"
1067,2022-06-20,465,9.0,"Mall Branch, Chicago"
1068,2022-07-30,398,1.0,"Online Shop, Phoenix"
1069,2022-12-14,29,5.0,"Suburban Outlet, Los Angeles"
1070,2022-11-03,249,5.0,"Online Shop, Phoenix"
1071,2022-04-02,60,1.0,"Downtown Store, New York"
1072,2022-05-10,14,5.0,"Online Shop, Phoenix"
1073,2022-12-19,418,3.0,"Online Shop, Phoenix"
1074,2022-06-01,123,3.0,"Suburban Outlet, Los Angeles"
1075,2022-02-28,155,4.0,"Downtown Store, New York"
1076,2022-07-28,78,9.0,"Mall Branch, Chicago"
1077,2022-07-19,442,7.0,"Suburban Outlet, Los Angeles"
1078,2022-03-08,126,3.0,"Suburban Outlet, Los Angeles"
1079,2022-01-12,75,8.0,"Downtown Store, New York"
1080,2022-02-23,88,2.0,"Airport Kiosk, Houston"
1081,2022-09-01,214,6.0,"Online Shop, Phoenix"
1082,2022-02-07,92,5.0,"Suburban Outlet, Los Angeles"
1083,2022-03-28,494,9.0,"Downtown Store, New York"
1084,2022-04-02,56,9.0,"Suburban Outlet, Los Angeles"
1085,2022-08-26,86,4.0,"Downtown Store, New York"
1086,2022-08-12,224,7.0,"Downtown Store, New York"
1087,2022-07-02,487,6.0,"Mall Branch, Chicago"
1088,2022-06-24,467,4.0,"Downtown Store, New York"
1089,2022-02-22,92,7.0,"Downtown Store, New York"
1090,2022-08-26,254,4.0,"Airport Kiosk, Houston"
1091,2022-05-07,475,2.0,"Online Shop, Phoenix"
1092,2022-12-19,280,9.0,"Mall Branch, Chicago"
1093,2022-05-06,200,3.0,"Online Shop, Phoenix"
1094,2022-03-18,398,4.0,"Suburban Outlet, Los Angeles"
1095,2022-10-28,277,6.0,"Mall Branch, Chicago"
1096,2022-10-14,479,8.0,"Mall Branch, Chicago"
1097,2022-06-22,292,3.0,"Downtown Store, New York"
1098,2022-05-08,459,4.0,"Airport Kiosk, Houston"
1099,2022-07-27,420,4.0,"Downtown Store, New York"
1100,2022-08-29,198,6.0,"Airport Kiosk, Houston"
1101,2022-10-29,294,8.0,"Mall Branch, Chicago"
1102,2022-01-07,407,1.0,"Mall Branch, Chicago"
1103,2022-01-27,162,2.0,"Airport Kiosk, Houston"
1104,2022-11-30,19,8.0,"Downtown Store, New York"
1105,2022-03-29,385,9.0,"Downtown Store, New York"
1106,2022-11-18,288,7.0,"Mall Branch, Chicago"
1107,2022-08-02,493,4.0,"Downtown Store, New York"
1108,2022-12-20,287,7.0,"Mall Branch, Chicago"
1109,2022-09-07,174,2.0,"Mall Branch, Chicago"
1110,2022-03-18,131,1.0,"Suburban Outlet, Los Angeles"
1111,2022-12-21,150,4.0,"Airport Kiosk, Houston"
1112,2022-04-28,275,1.0,"Airport Kiosk, Houston"
1113,2022-06-29,337,5.0,"Suburban Outlet, Los Angeles"
1114,2022-06-12,100,4.0,"Suburban Outlet, Los Angeles"
1115,2022-03-13,269,4.0,"Online Shop, Phoenix"
1116,2022-08-22,329,7.0,"Mall Branch, Chicago"
1117,2022-04-04,381,2.0,"Online Shop, Phoenix"
1118,2022-01-10,475,7.0,"Mall Branch, Chicago"
1119,2022-03-13,189,2.0,"Airport Kiosk, Houston"
1120,2022-06-25,100,7.0,"Online Shop, Phoenix"
1121,2022-05-03,394,1.0,"Mall Branch, Chicago"
1122,2022-06-22,32,7.0,"Airport Kiosk, Houston"
1123,2022-11-13,237,5.0,"Airport Kiosk, Houston"
1124,2022-12-20,50,9.0,"Suburban Outlet, Los Angeles"
1125,2022-06-23,320,6.0,"Suburban Outlet, Los Angeles"
1126,2022-05-17,108,4.0,"Online Shop, Phoenix"
1127,2022-06-30,304,5.0,"Downtown Store, New York"
1128,2022-12-07,385,5.0,"Downtown Store, New York"
1129,2022-09-18,430,5.0,"Airport Kiosk, Houston"
1130,2022-01-17,381,6.0,"Mall Branch, Chicago"
1131,2022-07-10,311,8.0,"Online Shop, Phoenix"
1132,2022-01-21,469,9.0,"Online Shop, Phoenix"
1133,2022-09-15,221,6.0,"Online Shop, Phoenix"
1134,2022-12-27,295,4.0,"Mall Branch, Chicago"
1135,2022-01-01,37,3.0,"Airport Kiosk, Houston"
1136,2022-08-22,415,,"Mall Branch, Chicago"
1137,2022-11-24,34,1.0,
1138,2022-12-06,100,8.0,"Mall Branch, Chicago"
1139,2022-12-21,106,2.0,"Airport Kiosk, Houston"
1140,2022-01-28,119,5.0,"Downtown Store, New York"
1141,2022-09-28,383,5.0,"Online Shop, Phoenix"
1142,2022-04-18,27,1.0,"Downtown Store, New York"
1143,2022-10-14,303,8.0,"Suburban Outlet, Los Angeles"
1144,2022-10-24,19,3.0,"Downtown Store, New York"
1145,2022-07-20,217,6.0,"Suburban Outlet, Los Angeles"
1146,2022-09-05,345,7.0,"Mall Branch, Chicago"
1147,2022-05-12,463,5.0,"Suburban Outlet, Los Angeles"
1148,2022-08-02,221,4.0,"Downtown Store, New York"
1149,2022-10-03,499,2.0,"Airport Kiosk, Houston"
1150,2022-10-19,42,1.0,"Airport Kiosk, Houston"
1151,2022-05-23,276,3.0,"Downtown Store, New York"
1152,2022-07-05,259,7.0,
1153,2022-03-02,299,8.0,"Suburban Outlet, Los Angeles"
1154,2022-10-09,50,1.0,"Downtown Store, New York"
1155,2022-03-10,251,2.0,"Downtown Store, New York"
1156,2022-09-04,158,9.0,"Downtown Store, New York"
1157,2022-11-28,450,8.0,"Downtown Store, New York"
1158,2022-07-10,278,9.0,"Online Shop, Phoenix"
1159,2022-10-26,375,5.0,"Online Shop, Phoenix"
1160,2022-02-20,210,8.0,"Airport Kiosk, Houston"
1161,2022-04-23,346,7.0,"Suburban Outlet, Los Angeles"
1162,2022-03-27,79,9.0,"Airport Kiosk, Houston"
1163,2022-09-03,378,9.0,"Airport Kiosk, Houston"
1164,2022-09-11,87,2.0,"Suburban Outlet, Los Angeles"
1165,2022-07-20,208,2.0,"Suburban Outlet, Los Angeles"
1166,2022-09-20,243,5.0,"Airport Kiosk, Houston"
1167,2022-06-24,467,1.0,"Downtown Store, New York"
1168,2022-06-10,396,7.0,"Downtown Store, New York"
1169,2022-12-19,311,3.0,"Mall Branch, Chicago"
1170,2022-09-05,281,6.0,"Mall Branch, Chicago"
1171,2022-06-14,326,8.0,"Mall Branch, Chicago"
1172,2022-07-15,236,3.0,"Airport Kiosk, Houston"
1173,2022-05-16,7,3.0,"Suburban Outlet, Los Angeles"
1174,2022-07-31,62,9.0,"Online Shop, Phoenix"
1175,2022-03-09,42,7.0,"Suburban Outlet, Los Angeles"
1176,2022-04-22,189,1.0,"Online Shop, Phoenix"
1177,2022-04-10,108,3.0,"Suburban Outlet, Los Angeles"
1178,2022-12-23,176,4.0,"Suburban Outlet, Los Angeles"
1179,2022-12-25,397,2.0,"Online Shop, Phoenix"
1180,2022-08-30,141,6.0,"Downtown Store, New York"
1181,2022-11-19,302,6.0,"Mall Branch, Chicago"
1182,2022-04-23,38,3.0,"Airport Kiosk, Houston"
1183,2022-02-16,339,2.0,"Airport Kiosk, Houston"
1184,2022-12-29,458,9.0,"Downtown Store, New York"
1185,2022-08-22,201,6.0,"Downtown Store, New York"
1186,2022-01-26,310,3.0,"Airport Kiosk, Houston"
1187,2022-06-17,41,3.0,"Online Shop, Phoenix"
1188,2022-03-29,393,2.0,"Airport Kiosk, Houston"
1189,2022-12-12,257,1.0,"Suburban Outlet, Los Angeles"
1190,2022-12-24,289,7.0,"Online Shop, Phoenix"
1191,2022-05-24,397,8.0,"Downtown Store, New York"
1192,2022-06-05,245,4.0,"Airport Kiosk, Houston"
1193,2022-12-13,21,2.0,"Downtown Store, New York"
1194,2022-11-23,250,9.0,"Online Shop, Phoenix"
1195,2022-10-06,371,,"Suburban Outlet, Los Angeles"
1196,2022-06-24,272,6.0,"Suburban Outlet, Los Angeles"
1197,2022-04-19,280,1.0,"Downtown Store, New York"
1198,2022-10-01,447,2.0,"Online Shop, Phoenix"
1199,2022-10-18,55,5.0,"Suburban Outlet, Los Angeles"
1200,2022-12-18,365,2.0,"Suburban Outlet, Los Angeles"
1201,2022-07-05,466,2.0,"Suburban Outlet, Los Angeles"
1202,2022-05-06,344,5.0,"Online Shop, Phoenix"
1203,2022-08-10,10,1.0,"Suburban Outlet, Los Angeles"
1204,2022-06-10,110,4.0,"Online Shop, Phoenix"
1205,2022-04-22,483,8.0,"Downtown Store, New York"
1206,2022-11-01,481,7.0,"Online Shop, Phoenix"
1207,2022-07-10,362,4.0,"Downtown Store, New York"
1208,2022-01-13,71,5.0,"Downtown Store, New York"
1209,2022-05-25,476,2.0,"Suburban Outlet, Los Angeles"
1210,2022-12-02,164,4.0,"Downtown Store, New York"
1211,2022-07-25,212,9.0,"Downtown Store, New York"
1212,2022-04-14,423,2.0,"Mall Branch, Chicago"
1213,2022-03-27,322,2.0,"Mall Branch, Chicago"
1214,2022-11-14,290,8.0,"Mall Branch, Chicago"
1215,2022-08-04,102,7.0,"Airport Kiosk, Houston"
1216,2022-12-16,354,9.0,"Online Shop, Phoenix"
1217,2022-08-12,418,4.0,"Online Shop, Phoenix"
1218,2022-02-16,132,9.0,"Mall Branch, Chicago"
1219,2022-04-06,343,5.0,"Suburban Outlet, Los Angeles"
1220,2022-09-20,358,9.0,"Mall Branch, Chicago"
1221,2022-05-03,123,3.0,"Online Shop, Phoenix"
1222,2022-05-20,179,1.0,"Mall Branch, Chicago"
1223,2022-05-18,418,6.0,"Suburban Outlet, Los Angeles"
1224,2022-05-15,4,8.0,"Online Shop, Phoenix"
1225,2022-02-05,334,7.0,"Downtown Store, New York"
1226,2022-12-22,419,2.0,"Suburban Outlet, Los Angeles"
1227,2022-10-05,336,7.0,"Airport Kiosk, Houston"
1228,2022-07-25,428,7.0,"Mall Branch, Chicago"
1229,2022-05-06,482,2.0,"Online Shop, Phoenix"
1230,2022-10-05,31,5.0,"Suburban Outlet, Los Angeles"
1231,2022-10-18,426,5.0,"Airport Kiosk, Houston"
1232,2022-12-29,413,9.0,"Online Shop, Phoenix"
1233,2022-03-09,138,6.0,"Online Shop, Phoenix"
1234,2022-06-14,268,4.0,"Mall Branch, Chicago"
1235,2022-06-18,154,4.0,"Suburban Outlet, Los Angeles"
1236,2022-09-06,241,3.0,"Downtown Store, New York"
1237,2022-07-11,253,5.0,"Online Shop, Phoenix"
1238,2022-03-19,314,9.0,"Suburban Outlet, Los Angeles"
1239,2022-07-07,74,4.0,"Airport Kiosk, Houston"
1240,2022-01-12,319,2.0,"Downtown Store, New York"
1241,2022-10-27,97,7.0,"Online Shop, Phoenix"
1242,2022-09-29,406,1.0,"Mall Branch, Chicago"
1243,2022-08-23,485,4.0,"Mall Branch, Chicago"
1244,2022-08-20,204,5.0,"Downtown Store, New York"
1245,2022-05-17,164,6.0,"Online Shop, Phoenix"
1246,2022-07-15,185,7.0,"Online Shop, Phoenix"
1247,2022-03-09,378,7.0,"Airport Kiosk, Houston"
1248,2022-01-12,429,7.0,"Airport Kiosk, Houston"
1249,2022-04-20,195,4.0,"Mall Branch, Chicago"
1250,2022-01-10,97,4.0,"Mall Branch, Chicago"
1251,2022-08-07,93,6.0,"Online Shop, Phoenix"
1252,2022-09-30,101,2.0,"Suburban Outlet, Los Angeles"
1253,2022-05-02,249,6.0,"Airport Kiosk, Houston"
1254,2022-04-17,75,8.0,"Downtown Store, New York"
1255,2022-10-12,356,4.0,"Downtown Store, New York"
1256,2022-10-01,286,1.0,"Downtown Store, New York"
1257,2022-09-16,190,3.0,"Mall Branch, Chicago"
1258,2022-06-11,492,6.0,"Suburban Outlet, Los Angeles"
1259,2022-05-24,42,5.0,"Downtown Store, New York"
1260,2022-07-29,472,9.0,"Mall Branch, Chicago"
1261,2022-01-25,422,1.0,"Airport Kiosk, Houston"
1262,2022-07-13,192,2.0,"Airport Kiosk, Houston"
1263,2022-06-18,158,8.0,"Suburban Outlet, Los Angeles"
1264,2022-08-26,354,1.0,"Mall Branch, Chicago"
1265,2022-12-07,254,2.0,"Online Shop, Phoenix"
1266,2022-01-08,36,8.0,"Airport Kiosk, Houston"
1267,2022-07-29,235,8.0,"Mall Branch, Chicago"
1268,2022-06-06,209,7.0,"Suburban Outlet, Los Angeles"
1269,2022-09-30,85,6.0,"Airport Kiosk, Houston"
1270,2022-05-26,34,1.0,
1271,2022-09-21,132,7.0,"Online Shop, Phoenix"
1272,2022-06-04,352,3.0,"Online Shop, Phoenix"
1273,2022-09-13,238,3.0,"Suburban Outlet, Los Angeles"
1274,2022-06-01,101,3.0,"Airport Kiosk, Houston"
1275,2022-12-06,457,5.0,"Suburban Outlet, Los Angeles"
1276,2022-12-12,345,6.0,"Online Shop, Phoenix"
1277,2022-12-06,191,7.0,"Suburban Outlet, Los Angeles"
1278,2022-10-26,26,6.0,"Airport Kiosk, Houston"
1279,2022-09-29,346,3.0,"Airport Kiosk, Houston"
1280,2022-08-28,294,6.0,"Mall Branch, Chicago"
1281,2022-05-28,203,6.0,"Mall Branch, Chicago"
1282,2022-03-22,225,7.0,"Downtown Store, New York"
1283,2022-11-06,196,7.0,"Mall Branch, Chicago"
1284,2022-05-03,128,2.0,"Downtown Store, New York"
1285,2022-06-03,192,9.0,"Mall Branch, Chicago"
1286,2022-05-18,214,2.0,"Airport Kiosk, Houston"
1287,2022-05-20,489,6.0,"Airport Kiosk, Houston"
1288,2022-06-16,78,4.0,"Suburban Outlet, Los Angeles"
1289,2022-09-20,97,3.0,"Airport Kiosk, Houston"
1290,2022-11-21,107,1.0,"Airport Kiosk, Houston"
1291,2022-03-12,6,1.0,"Downtown Store, New York"
1292,2022-10-14,278,4.0,"Suburban Outlet, Los Angeles"
1293,2022-03-18,169,1.0,"Airport Kiosk, Houston"
1294,2022-10-06,142,2.0,"Airport Kiosk, Houston"
1295,2022-08-22,28,6.0,"Online Shop, Phoenix"
1296,2022-09-21,35,7.0,"Airport Kiosk, Houston"
1297,2022-04-14,385,2.0,"Online Shop, Phoenix"
1298,2022-10-02,56,5.0,"Mall Branch, Chicago"
1299,2022-10-31,250,7.0,"Mall Branch, Chicago"
1300,2022-04-04,45,5.0,"Airport Kiosk, Houston"
1301,2022-04-06,232,2.0,"Suburban Outlet, Los Angeles"
1302,2022-09-14,177,1.0,"Airport Kiosk, Houston"
1303,2022-07-26,368,2.0,"Mall Branch, Chicago"
1304,2022-10-07,308,1.0,"Online Shop, Phoenix"
1305,2022-05-08,316,3.0,"Online Shop, Phoenix"
1306,2022-07-31,18,8.0,"Mall Branch, Chicago"
1307,2022-12-10,353,3.0,"Airport Kiosk, Houston"
1308,2022-12-23,225,3.0,"Mall Branch, Chicago"
1309,2022-05-29,268,4.0,"Mall Branch, Chicago"
1310,2022-05-20,427,2.0,"Online Shop, Phoenix"
1311,2022-04-14,199,7.0,"Online Shop, Phoenix"
1312,2022-07-16,211,5.0,"Mall Branch, Chicago"
1313,2022-10-27,290,4.0,"Online Shop, Phoenix"
1314,2022-12-09,52,4.0,"Airport Kiosk, Houston"
1315,2022-05-10,437,5.0,"Airport Kiosk, Houston"
1316,2022-11-10,326,3.0,"Downtown Store, New York"
1317,2022-09-02,82,6.0,"Mall Branch, Chicago"
1318,2022-03-29,439,7.0,"Suburban Outlet, Los Angeles"
1319,2022-11-25,267,2.0,"Airport Kiosk, Houston"
1320,2022-12-26,205,5.0,"Online Shop, Phoenix"
1321,2022-07-11,42,1.0,"Mall Branch, Chicago"
1322,2022-09-06,466,7.0,"Suburban Outlet, Los Angeles"
1323,2022-10-22,416,1.0,"Suburban Outlet, Los Angeles"
1324,2022-05-01,260,6.0,"Suburban Outlet, Los Angeles"
1325,2022-06-19,233,9.0,"Suburban Outlet, Los Angeles"
1326,2022-06-19,227,9.0,"Airport Kiosk, Houston"
1327,2022-06-14,427,3.0,"Downtown Store, New York"
1328,2022-01-05,351,9.0,"Online Shop, Phoenix"
1329,2022-07-12,135,5.0,"Airport Kiosk, Houston"
1330,2022-07-04,321,3.0,"Downtown Store, New York"
1331,2022-10-26,5,6.0,"Airport Kiosk, Houston"
1332,2022-03-22,133,9.0,"Online Shop, Phoenix"
1333,2022-03-07,64,9.0,"Airport Kiosk, Houston"
1334,2022-03-25,237,5.0,"Online Shop, Phoenix"
1335,2022-05-01,449,7.0,"Mall Branch, Chicago"
1336,2022-11-16,500,2.0,"Airport Kiosk, Houston"
1337,2022-10-08,484,5.0,"Mall Branch, Chicago"
1338,2022-08-19,343,5.0,"Airport Kiosk, Houston"
1339,2022-06-21,479,7.0,"Mall Branch, Chicago"
1340,2022-06-17,488,4.0,"Mall Branch, Chicago"
1341,2022-09-26,414,3.0,"Mall Branch, Chicago"
1342,2022-11-20,279,6.0,"Suburban Outlet, Los Angeles"
1343,2022-01-07,88,7.0,"Downtown Store, New York"
1344,2022-03-11,306,3.0,"Downtown Store, New York"
1345,2022-09-01,283,4.0,"Mall Branch, Chicago"
1346,2022-02-07,119,8.0,"Suburban Outlet, Los Angeles"
1347,2022-07-19,313,9.0,"Suburban Outlet, Los Angeles"
1348,2022-02-11,140,2.0,"Online Shop, Phoenix"
1349,2022-10-04,387,7.0,"Suburban Outlet, Los Angeles"
1350,2022-12-25,470,9.0,"Mall Branch, Chicago"
1351,2022-01-06,13,6.0,"Online Shop, Phoenix"
1352,2022-09-17,465,5.0,"Downtown Store, New York"
1353,2022-05-09,3,3.0,"Downtown Store, New York"
1354,2022-07-13,92,2.0,"Airport Kiosk, Houston"
1355,2022-04-28,205,5.0,"Mall Branch, Chicago"
1356,2022-11-05,118,9.0,"Airport Kiosk, Houston"
1357,2022-08-06,122,8.0,"Downtown Store, New York"
1358,2022-01-08,122,3.0,"Suburban Outlet, Los Angeles"
1359,2022-09-28,234,6.0,"Online Shop, Phoenix"
1360,2022-05-25,36,3.0,"Airport Kiosk, Houston"
1361,2022-03-11,129,2.0,"Mall Branch, Chicago"
1362,2022-02-03,318,5.0,"Downtown Store, New York"
1363,2022-12-02,78,3.0,"Downtown Store, New York"
1364,2022-01-22,102,2.0,"Online Shop, Phoenix"
1365,2022-05-05,403,4.0,"Downtown Store, New York"
1366,2022-11-21,420,8.0,"Airport Kiosk, Houston"
1367,2022-09-20,11,1.0,"Downtown Store, New York"
1368,2022-01-16,276,6.0,"Downtown Store, New York"
1369,2022-04-14,237,7.0,"Online Shop, Phoenix"
1370,2022-04-01,156,4.0,"Suburban Outlet, Los Angeles"
1371,2022-07-10,266,2.0,"Mall Branch, Chicago"
1372,2022-07-29,113,6.0,"Mall Branch, Chicago"
1373,2022-06-02,423,5.0,"Airport Kiosk, Houston"
1374,2022-04-15,379,6.0,"Mall Branch, Chicago"
1375,2022-12-19,269,9.0,"Online Shop, Phoenix"
1376,2022-02-06,240,2.0,"Online Shop, Phoenix"
1377,2022-01-13,231,1.0,"Downtown Store, New York"
1378,2022-08-12,498,8.0,"Downtown Store, New York"
1379,2022-08-13,103,5.0,"Airport Kiosk, Houston"
1380,2022-12-16,70,4.0,"Suburban Outlet, Los Angeles"
1381,2022-10-06,343,3.0,"Downtown Store, New York"
1382,2022-05-11,63,1.0,"Online Shop, Phoenix"
1383,2022-09-21,13,4.0,"Downtown Store, New York"
1384,2022-04-03,67,3.0,"Airport Kiosk, Houston"
1385,2022-08-05,60,4.0,"Airport Kiosk, Houston"
1386,2022-09-24,385,2.0,"Downtown Store, New York"
1387,2022-11-22,498,3.0,"Suburban Outlet, Los Angeles"
1388,2022-10-26,25,7.0,"Mall Branch, Chicago"
1389,2022-07-05,363,7.0,"Online Shop, Phoenix"
1390,2022-08-20,222,6.0,"Suburban Outlet, Los Angeles"
1391,2022-01-24,477,2.0,"Airport Kiosk, Houston"
1392,2022-05-22,481,8.0,"Online Shop, Phoenix"
1393,2022-10-21,133,6.0,"Online Shop, Phoenix"
1394,2022-09-22,457,3.0,"Mall Branch, Chicago"
1395,2022-07-15,403,7.0,"Airport Kiosk, Houston"
1396,2022-08-13,302,8.0,"Mall Branch, Chicago"
1397,2022-09-09,477,5.0,"Mall Branch, Chicago"
1398,2022-09-10,200,2.0,"Suburban Outlet, Los Angeles"
1399,2022-05-06,73,4.0,"Airport Kiosk, Houston"
1400,2022-05-10,401,5.0,"Airport Kiosk, Houston"
1401,2022-10-03,87,3.0,"Suburban Outlet, Los Angeles"
1402,2022-10-16,363,7.0,"Airport Kiosk, Houston"
1403,2022-09-21,80,1.0,"Suburban Outlet, Los Angeles"
1404,2022-01-07,384,3.0,"Airport Kiosk, Houston"
1405,2022-09-15,277,6.0,"Downtown Store, New York"
1406,2022-11-22,49,6.0,"Airport Kiosk, Houston"
1407,2022-07-03,470,6.0,"Downtown Store, New York"
1408,2022-02-06,88,6.0,"Mall Branch, Chicago"
1409,2022-07-13,482,5.0,"Mall Branch, Chicago"
1410,2022-02-10,323,1.0,"Mall Branch, Chicago"
1411,2022-05-17,49,8.0,"Online Shop, Phoenix"
1412,2022-02-04,219,5.0,"Mall Branch, Chicago"
1413,2022-05-05,140,4.0,"Downtown Store, New York"
1414,2022-03-25,153,3.0,"Suburban Outlet, Los Angeles"
1415,2022-11-30,400,8.0,"Suburban Outlet, Los Angeles"
1416,2022-01-30,368,3.0,"Online Shop, Phoenix"
1417,2022-06-13,154,2.0,"Airport Kiosk, Houston"
1418,2022-05-17,384,1.0,"Mall Branch, Chicago"
1419,2022-08-07,390,7.0,"Airport Kiosk, Houston"
1420,2022-11-06,23,5.0,"Suburban Outlet, Los Angeles"
1421,2022-08-29,311,1.0,"Downtown Store, New York"
1422,2022-08-29,308,9.0,"Online Shop, Phoenix"
1423,2022-03-08,163,2.0,"Online Shop, Phoenix"
1424,2022-08-12,158,3.0,"Online Shop, Phoenix"
1425,2022-03-19,141,2.0,"Mall Branch, Chicago"
1426,2022-11-22,301,8.0,"Online Shop, Phoenix"
1427,2022-11-18,315,1.0,"Downtown Store, New York"
1428,2022-10-16,381,2.0,"Downtown Store, New York"
1429,2022-07-01,277,9.0,"Online Shop, Phoenix"
1430,2022-09-28,320,5.0,"Suburban Outlet, Los Angeles"
1431,2022-04-24,431,2.0,"Suburban Outlet, Los Angeles"
1432,2022-11-16,354,6.0,"Online Shop, Phoenix"
1433,2022-10-26,76,5.0,"Mall Branch, Chicago"
1434,2022-10-14,303,9.0,"Suburban Outlet, Los Angeles"
1435,2022-04-23,351,9.0,
1436,2022-03-09,111,3.0,"Downtown Store, New York"
1437,2022-12-07,249,4.0,"Airport Kiosk, Houston"
1438,2022-09-22,268,3.0,"Suburban Outlet, Los Angeles"
1439,2022-06-06,455,2.0,"Mall Branch, Chicago"
1440,2022-03-23,352,7.0,"Airport Kiosk, Houston"
1441,2022-10-19,291,9.0,"Airport Kiosk, Houston"
1442,2022-07-14,298,9.0,"Mall Branch, Chicago"
1443,2022-06-12,150,6.0,"Mall Branch, Chicago"
1444,2022-04-27,203,9.0,"Online Shop, Phoenix"
1445,2022-10-11,92,2.0,"Downtown Store, New York"
1446,2022-09-13,82,8.0,"Mall Branch, Chicago"
1447,2022-12-20,487,5.0,"Mall Branch, Chicago"
1448,2022-12-24,314,7.0,"Airport Kiosk, Houston"
1449,2022-12-08,391,5.0,"Suburban Outlet, Los Angeles"
1450,2022-11-17,396,3.0,"Suburban Outlet, Los Angeles"
1451,2022-12-30,190,1.0,"Mall Branch, Chicago"
1452,2022-09-15,369,8.0,"Downtown Store, New York"
1453,2022-08-13,478,2.0,"Mall Branch, Chicago"
1454,2022-02-11,462,1.0,"Downtown Store, New York"
1455,2022-02-26,367,2.0,"Airport Kiosk, Houston"
1456,2022-04-02,148,2.0,"Online Shop, Phoenix"
1457,2022-09-02,250,3.0,"Airport Kiosk, Houston"
1458,2022-09-19,8,2.0,"Online Shop, Phoenix"
1459,2022-05-12,314,2.0,"Airport Kiosk, Houston"
1460,2022-10-09,145,6.0,"Mall Branch, Chicago"
1461,2022-06-26,327,6.0,"Mall Branch, Chicago"
1462,2022-05-28,169,6.0,"Downtown Store, New York"
1463,2022-06-19,464,8.0,"Mall Branch, Chicago"
1464,2022-08-07,191,9.0,"Suburban Outlet, Los Angeles"
1465,2022-06-24,195,7.0,"Mall Branch, Chicago"
1466,2022-05-11,11,8.0,"Suburban Outlet, Los Angeles"
1467,2022-08-21,298,9.0,"Airport Kiosk, Houston"
1468,2022-05-10,427,8.0,"Airport Kiosk, Houston"
1469,2022-10-28,425,6.0,"Online Shop, Phoenix"
1470,2022-09-01,414,7.0,"Online Shop, Phoenix"
1471,2022-11-21,75,9.0,"Mall Branch, Chicago"
1472,2022-04-16,331,1.0,"Mall Branch, Chicago"
1473,2022-02-25,160,9.0,"Online Shop, Phoenix"
1474,2022-04-05,82,6.0,"Mall Branch, Chicago"
1475,2022-02-15,356,4.0,"Suburban Outlet, Los Angeles"
1476,2022-02-26,421,9.0,"Airport Kiosk, Houston"
1477,2022-01-16,485,2.0,"Downtown Store, New York"
1478,2022-07-22,62,3.0,"Downtown Store, New York"
1479,2022-09-03,338,5.0,"Airport Kiosk, Houston"
1480,2022-01-04,370,4.0,"Downtown Store, New York"
1481,2022-11-07,470,5.0,"Downtown Store, New York"
1482,2022-09-03,412,7.0,"Suburban Outlet, Los Angeles"
1483,2022-09-08,282,6.0,"Airport Kiosk, Houston"
1484,2022-10-06,432,5.0,"Online Shop, Phoenix"
1485,2022-03-07,183,6.0,"Airport Kiosk, Houston"
1486,2022-09-06,457,1.0,"Mall Branch, Chicago"
1487,2022-03-07,482,6.0,"Mall Branch, Chicago"
1488,2022-11-27,251,3.0,"Airport Kiosk, Houston"
1489,2022-11-21,368,2.0,"Downtown Store, New York"
1490,2022-07-31,458,2.0,"Suburban Outlet, Los Angeles"
1491,2022-08-06,396,2.0,"Mall Branch, Chicago"
1492,2022-01-13,177,8.0,"Online Shop, Phoenix"
1493,2022-11-17,496,3.0,"Suburban Outlet, Los Angeles"
1494,2022-06-18,93,1.0,"Online Shop, Phoenix"
1495,2022-06-16,273,6.0,"Downtown Store, New York"
1496,2022-08-13,241,6.0,"Online Shop, Phoenix"
1497,2022-09-03,451,3.0,"Online Shop, Phoenix"
1498,2022-11-20,201,5.0,"Mall Branch, Chicago"
1499,2022-03-28,418,7.0,"Downtown Store, New York"
1500,2022-02-16,124,7.0,"Online Shop, Phoenix"
1501,2022-05-03,177,4.0,"Suburban Outlet, Los Angeles"
1502,2022-09-21,399,6.0,"Airport Kiosk, Houston"
1503,2022-09-10,169,9.0,"Airport Kiosk, Houston"
1504,2022-07-25,322,3.0,"Mall Branch, Chicago"
1505,2022-05-19,175,4.0,"Online Shop, Phoenix"
1506,2022-11-07,224,4.0,"Suburban Outlet, Los Angeles"
1507,2022-01-10,279,3.0,"Suburban Outlet, Los Angeles"
1508,2022-07-01,494,1.0,"Online Shop, Phoenix"
1509,2022-09-08,193,4.0,"Online Shop, Phoenix"
1510,2022-03-26,205,4.0,"Downtown Store, New York"
1511,2022-03-21,169,5.0,"Airport Kiosk, Houston"
1512,2022-12-31,249,6.0,"Online Shop, Phoenix"
1513,2022-11-22,449,1.0,"Online Shop, Phoenix"
1514,2022-02-25,477,1.0,"Suburban Outlet, Los Angeles"
1515,2022-03-20,160,5.0,"Mall Branch, Chicago"
1516,2022-08-17,61,6.0,"Airport Kiosk, Houston"
1517,2022-09-08,383,5.0,
1518,2022-01-25,285,3.0,"Airport Kiosk, Houston"
1519,2022-05-07,125,8.0,"Downtown Store, New York"
1520,2022-09-23,186,8.0,"Airport Kiosk, Houston"
1521,2022-12-15,84,6.0,"Suburban Outlet, Los Angeles"
1522,2022-03-31,500,1.0,"Online Shop, Phoenix"
1523,2022-03-15,97,4.0,"Suburban Outlet, Los Angeles"
1524,2022-05-23,107,2.0,"Downtown Store, New York"
1525,2022-07-16,300,1.0,"Downtown Store, New York"
1526,2022-05-09,69,6.0,"Suburban Outlet, Los Angeles"
1527,2022-09-18,499,3.0,"Mall Branch, Chicago"
1528,2022-06-23,210,5.0,"Mall Branch, Chicago"
1529,2022-03-16,94,1.0,"Downtown Store, New York"
1530,2022-12-01,487,4.0,"Mall Branch, Chicago"
1531,2022-09-06,27,1.0,"Suburban Outlet, Los Angeles"
1532,2022-05-17,218,6.0,"Downtown Store, New York"
1533,2022-11-11,467,,"Airport Kiosk, Houston"
1534,2022-07-09,436,2.0,"Mall Branch, Chicago"
1535,2022-09-08,341,7.0,"Mall Branch, Chicago"
1536,2022-02-20,304,8.0,"Suburban Outlet, Los Angeles"
1537,2022-09-07,314,5.0,"Suburban Outlet, Los Angeles"
1538,2022-03-07,42,4.0,"Suburban Outlet, Los Angeles"
1539,2022-10-24,456,8.0,"Mall Branch, Chicago"
1540,2022-09-02,227,4.0,"Mall Branch, Chicago"
1541,2022-04-28,413,6.0,"Downtown Store, New York"
1542,2022-03-15,161,5.0,"Mall Branch, Chicago"
1543,2022-04-29,498,1.0,"Downtown Store, New York"
1544,2022-01-21,487,1.0,"Suburban Outlet, Los Angeles"
1545,2022-08-30,141,7.0,"Airport Kiosk, Houston"
1546,2022-12-06,89,2.0,"Mall Branch, Chicago"
1547,2022-03-13,111,8.0,"Suburban Outlet, Los Angeles"
1548,2022-05-09,495,2.0,"Airport Kiosk, Houston"
1549,2022-06-29,200,6.0,"Suburban Outlet, Los Angeles"
1550,2022-03-09,458,7.0,"Airport Kiosk, Houston"
1551,2022-11-08,445,4.0,"Mall Branch, Chicago"
1552,2022-11-17,296,2.0,"Suburban Outlet, Los Angeles"
1553,2022-09-30,302,2.0,"Mall Branch, Chicago"
1554,2022-12-18,162,7.0,"Downtown Store, New York"
1555,2022-10-20,95,9.0,"Suburban Outlet, Los Angeles"
1556,2022-11-08,484,5.0,"Airport Kiosk, Houston"
1557,2022-07-31,61,5.0,"Suburban Outlet, Los Angeles"
1558,2022-08-29,419,4.0,"Online Shop, Phoenix"
1559,2022-04-24,488,3.0,"Online Shop, Phoenix"
1560,2022-03-14,451,9.0,"Downtown Store, New York"
1561,2022-08-07,158,2.0,"Suburban Outlet, Los Angeles"
1562,2022-05-27,377,7.0,"Suburban Outlet, Los Angeles"
1563,2022-01-07,168,4.0,"Airport Kiosk, Houston"
1564,2022-12-12,320,8.0,"Airport Kiosk, Houston"
1565,2022-02-21,151,3.0,"Airport Kiosk, Houston"
1566,2022-10-28,228,3.0,"Suburban Outlet, Los Angeles"
1567,2022-07-21,54,9.0,"Suburban Outlet, Los Angeles"
1568,2022-01-07,193,9.0,"Online Shop, Phoenix"
1569,2022-04-04,27,4.0,"Mall Branch, Chicago"
1570,2022-03-26,69,6.0,"Airport Kiosk, Houston"
1571,2022-02-22,44,4.0,"Mall Branch, Chicago"
1572,2022-07-12,432,4.0,"Mall Branch, Chicago"
1573,2022-12-14,138,2.0,"Downtown Store, New York"
1574,2022-07-07,71,9.0,"Suburban Outlet, Los Angeles"
1575,2022-09-20,414,6.0,"Suburban Outlet, Los Angeles"
1576,2022-02-01,6,4.0,"Online Shop, Phoenix"
1577,2022-09-07,2,6.0,"Suburban Outlet, Los Angeles"
1578,2022-10-07,381,7.0,"Downtown Store, New York"
1579,2022-03-06,87,7.0,"Suburban Outlet, Los Angeles"
1580,2022-09-24,27,4.0,"Airport Kiosk, Houston"
1581,2022-12-02,350,4.0,"Airport Kiosk, Houston"
1582,2022-07-25,134,5.0,"Online Shop, Phoenix"
1583,2022-05-28,401,8.0,"Airport Kiosk, Houston"
1584,2022-07-21,411,4.0,"Downtown Store, New York"
1585,2022-04-11,301,8.0,"Suburban Outlet, Los Angeles"
1586,2022-02-26,283,2.0,"Mall Branch, Chicago"
1587,2022-06-28,79,4.0,"Suburban Outlet, Los Angeles"
1588,2022-11-08,345,1.0,"Downtown Store, New York"
1589,2022-10-24,137,8.0,"Suburban Outlet, Los Angeles"
1590,2022-12-16,276,9.0,"Suburban Outlet, Los Angeles"
1591,2022-12-28,478,3.0,"Airport Kiosk, Houston"
1592,2022-05-28,376,3.0,"Downtown Store, New York"
1593,2022-11-30,316,3.0,"Airport Kiosk, Houston"
1594,2022-09-16,76,1.0,"Online Shop, Phoenix"
1595,2022-02-07,175,6.0,"Online Shop, Phoenix"
1596,2022-06-18,278,3.0,"Downtown Store, New York"
1597,2022-08-26,451,9.0,"Downtown Store, New York"
1598,2022-02-15,190,5.0,"Online Shop, Phoenix"
1599,2022-08-19,58,1.0,"Mall Branch, Chicago"
1600,2022-01-10,411,4.0,"Online Shop, Phoenix"
1601,2022-09-30,54,1.0,"Suburban Outlet, Los Angeles"
1602,2022-11-11,369,6.0,"Online Shop, Phoenix"
1603,2022-09-07,492,4.0,"Online Shop, Phoenix"
1604,2022-07-20,453,4.0,"Airport Kiosk, Houston"
1605,2022-11-06,122,2.0,"Downtown Store, New York"
1606,2022-03-26,407,1.0,"Airport Kiosk, Houston"
1607,2022-03-09,339,7.0,"Airport Kiosk, Houston"
1608,2022-06-14,167,9.0,"Airport Kiosk, Houston"
1609,2022-08-11,450,3.0,"Suburban Outlet, Los Angeles"
1610,2022-01-09,133,4.0,"Downtown Store, New York"
1611,2022-10-29,126,8.0,"Online Shop, Phoenix"
1612,2022-06-05,232,1.0,"Suburban Outlet, Los Angeles"
1613,2022-11-08,404,5.0,"Airport Kiosk, Houston"
1614,2022-10-01,348,4.0,"Suburban Outlet, Los Angeles"
1615,2022-11-27,392,2.0,"Suburban Outlet, Los Angeles"
1616,2022-02-19,369,4.0,"Airport Kiosk, Houston"
1617,2022-02-16,374,6.0,"Airport Kiosk, Houston"
1618,2022-03-21,478,2.0,"Suburban Outlet, Los Angeles"
1619,2022-03-30,355,6.0,"Suburban Outlet, Los Angeles"
1620,2022-02-03,345,6.0,"Downtown Store, New York"
1621,2022-08-07,314,2.0,"Downtown Store, New York"
1622,2022-06-14,461,3.0,"Airport Kiosk, Houston"
1623,2022-11-29,326,8.0,"Airport Kiosk, Houston"
1624,2022-08-19,45,4.0,"Suburban Outlet, Los Angeles"
1625,2022-10-14,14,6.0,"Mall Branch, Chicago"
1626,2022-05-04,497,2.0,"Downtown Store, New York"
1627,2022-05-18,423,7.0,"Mall Branch, Chicago"
1628,2022-12-17,208,8.0,"Suburban Outlet, Los Angeles"
1629,2022-06-17,1,8.0,"Online Shop, Phoenix"
1630,2022-11-05,114,,"Online Shop, Phoenix"
1631,2022-12-25,436,9.0,"Online Shop, Phoenix"
1632,2022-02-03,197,7.0,"Online Shop, Phoenix"
1633,2022-10-10,46,1.0,"Suburban Outlet, Los Angeles"
1634,2022-04-27,151,2.0,"Downtown Store, New York"
1635,2022-02-18,287,1.0,"Downtown Store, New York"
1636,2022-02-24,33,9.0,"Mall Branch, Chicago"
1637,2022-06-24,120,8.0,"Airport Kiosk, Houston"
1638,2022-02-10,96,6.0,"Online Shop, Phoenix"
1639,2022-12-28,46,2.0,"Downtown Store, New York"
1640,2022-05-16,101,2.0,"Suburban Outlet, Los Angeles"
1641,2022-12-16,388,,"Airport Kiosk, Houston"
1642,2022-05-24,189,9.0,"Mall Branch, Chicago"
1643,2022-08-15,420,6.0,"Mall Branch, Chicago"
1644,2022-03-13,20,7.0,"Downtown Store, New York"
1645,2022-07-07,99,8.0,"Suburban Outlet, Los Angeles"
1646,2022-08-11,146,5.0,"Suburban Outlet, Los Angeles"
1647,2022-09-26,237,2.0,"Downtown Store, New York"
1648,2022-11-21,260,2.0,"Downtown Store, New York"
1649,2022-09-21,189,8.0,"Downtown Store, New York"
1650,2022-03-30,457,5.0,"Downtown Store, New York"
1651,2022-06-02,66,6.0,"Suburban Outlet, Los Angeles"
1652,2022-12-23,144,9.0,"Suburban Outlet, Los Angeles"
1653,2022-05-25,362,5.0,"Downtown Store, New York"
1654,2022-08-14,265,8.0,"Suburban Outlet, Los Angeles"
1655,2022-11-09,377,8.0,"Mall Branch, Chicago"
1656,2022-09-13,309,9.0,"Suburban Outlet, Los Angeles"
1657,2022-05-01,407,2.0,"Suburban Outlet, Los Angeles"
1658,2022-10-15,11,6.0,"Airport Kiosk, Houston"
1659,2022-05-21,45,7.0,"Suburban Outlet, Los Angeles"
1660,2022-01-22,141,8.0,"Downtown Store, New York"
1661,2022-08-12,4,7.0,"Downtown Store, New York"
1662,2022-04-13,279,2.0,"Downtown Store, New York"
1663,2022-05-04,141,4.0,"Online Shop, Phoenix"
1664,2022-07-06,154,7.0,"Suburban Outlet, Los Angeles"
1665,2022-04-08,182,6.0,"Airport Kiosk, Houston"
1666,2022-07-12,91,7.0,"Downtown Store, New York"
1667,2022-11-03,41,4.0,"Downtown Store, New York"
1668,2022-11-03,170,3.0,"Online Shop, Phoenix"
1669,2022-05-27,129,3.0,"Mall Branch, Chicago"
1670,2022-10-01,184,1.0,"Online Shop, Phoenix"
1671,2022-05-12,60,2.0,"Downtown Store, New York"
1672,2022-07-22,231,9.0,"Downtown Store, New York"
1673,2022-03-29,181,,"Suburban Outlet, Los Angeles"
1674,2022-10-24,156,7.0,"Mall Branch, Chicago"
1675,2022-12-01,41,5.0,"Downtown Store, New York"
1676,2022-06-08,485,6.0,"Airport Kiosk, Houston"
1677,2022-09-29,214,8.0,"Downtown Store, New York"
1678,2022-01-28,22,,"Online Shop, Phoenix"
1679,2022-10-02,455,3.0,"Online Shop, Phoenix"
1680,2022-06-18,77,1.0,"Suburban Outlet, Los Angeles"
1681,2022-11-09,136,5.0,"Downtown Store, New York"
1682,2022-11-26,132,2.0,"Downtown Store, New York"
1683,2022-04-03,459,9.0,"Suburban Outlet, Los Angeles"
1684,2022-07-20,28,4.0,"Downtown Store, New York"
1685,2022-10-08,186,9.0,"Mall Branch, Chicago"
1686,2022-04-06,242,5.0,"Suburban Outlet, Los Angeles"
1687,2022-11-11,498,4.0,"Suburban Outlet, Los Angeles"
1688,2022-11-13,345,4.0,"Mall Branch, Chicago"
1689,2022-06-23,178,1.0,"Airport Kiosk, Houston"
1690,2022-09-01,175,1.0,"Downtown Store, New York"
1691,2022-04-11,202,5.0,"Downtown Store, New York"
1692,2022-08-06,493,7.0,"Airport Kiosk, Houston"
1693,2022-06-28,493,1.0,"Online Shop, Phoenix"
1694,2022-12-28,37,3.0,"Suburban Outlet, Los Angeles"
1695,2022-07-12,9,3.0,"Suburban Outlet, Los Angeles"
1696,2022-02-08,394,8.0,"Online Shop, Phoenix"
1697,2022-03-19,484,8.0,"Mall Branch, Chicago"
1698,2022-12-26,386,5.0,"Online Shop, Phoenix"
1699,2022-07-19,167,3.0,"Mall Branch, Chicago"
1700,2022-07-30,405,7.0,"Suburban Outlet, Los Angeles"
1701,2022-06-20,46,1.0,"Downtown Store, New York"
1702,2022-12-15,346,3.0,"Mall Branch, Chicago"
1703,2022-01-17,173,7.0,"Suburban Outlet, Los Angeles"
1704,2022-06-26,90,9.0,"Suburban Outlet, Los Angeles"
1705,2022-11-07,454,6.0,"Mall Branch, Chicago"
1706,2022-02-08,321,1.0,"Airport Kiosk, Houston"
1707,2022-05-25,104,2.0,"Mall Branch, Chicago"
1708,2022-11-23,315,8.0,"Suburban Outlet, Los Angeles"
1709,2022-01-20,455,5.0,"Downtown Store, New York"
1710,2022-12-22,327,9.0,"Online Shop, Phoenix"
1711,2022-09-13,104,1.0,"Airport Kiosk, Houston"
1712,2022-06-24,243,7.0,"Suburban Outlet, Los Angeles"
1713,2022-12-13,18,2.0,"Downtown Store, New York"
1714,2022-04-12,268,,"Airport Kiosk, Houston"
1715,2022-05-04,18,1.0,"Downtown Store, New York"
1716,2022-01-20,294,7.0,"Suburban Outlet, Los Angeles"
1717,2022-09-30,95,1.0,"Downtown Store, New York"
1718,2022-06-28,186,5.0,"Suburban Outlet, Los Angeles"
1719,2022-11-30,499,4.0,"Downtown Store, New York"
1720,2022-10-05,370,6.0,"Downtown Store, New York"
1721,2022-05-09,202,5.0,"Airport Kiosk, Houston"
1722,2022-11-09,269,7.0,"Online Shop, Phoenix"
1723,2022-03-24,402,9.0,"Airport Kiosk, Houston"
1724,2022-07-23,127,2.0,"Mall Branch, Chicago"
1725,2022-01-01,293,6.0,"Mall Branch, Chicago"
1726,2022-01-05,161,6.0,"Suburban Outlet, Los Angeles"
1727,2022-02-09,384,8.0,"Downtown Store, New York"
1728,2022-03-04,388,5.0,"Airport Kiosk, Houston"
1729,2022-03-04,375,5.0,"Downtown Store, New York"
1730,2022-03-01,461,4.0,"Online Shop, Phoenix"
1731,2022-12-20,118,9.0,"Downtown Store, New York"
1732,2022-07-21,240,3.0,"Suburban Outlet, Los Angeles"
1733,2022-03-05,166,8.0,"Airport Kiosk, Houston"
1734,2022-08-19,200,4.0,"Mall Branch, Chicago"
1735,2022-11-11,239,1.0,"Online Shop, Phoenix"
1736,2022-04-01,190,5.0,"Downtown Store, New York"
1737,2022-12-28,6,7.0,"Online Shop, Phoenix"
1738,2022-03-06,146,1.0,"Online Shop, Phoenix"
1739,2022-11-28,275,7.0,"Online Shop, Phoenix"
1740,2022-09-27,19,5.0,"Online Shop, Phoenix"
1741,2022-07-15,338,8.0,"Airport Kiosk, Houston"
1742,2022-10-19,34,2.0,"Online Shop, Phoenix"
1743,2022-11-24,139,2.0,"Online Shop, Phoenix"
1744,2022-05-25,306,3.0,"Airport Kiosk, Houston"
1745,2022-07-19,10,2.0,"Suburban Outlet, Los Angeles"
1746,2022-09-04,155,7.0,"Mall Branch, Chicago"
1747,2022-12-28,133,1.0,"Mall Branch, Chicago"
1748,2022-12-04,361,1.0,"Online Shop, Phoenix"
1749,2022-08-20,90,5.0,"Online Shop, Phoenix"
1750,2022-07-24,115,7.0,"Mall Branch, Chicago"
1751,2022-12-06,230,1.0,"Downtown Store, New York"
1752,2022-10-06,328,1.0,"Downtown Store, New York"
1753,2022-10-12,354,6.0,"Online Shop, Phoenix"
1754,2022-03-21,274,3.0,"Mall Branch, Chicago"
1755,2022-05-28,253,9.0,"Downtown Store, New York"
1756,2022-04-28,496,3.0,"Downtown Store, New York"
1757,2022-12-23,488,3.0,"Mall Branch, Chicago"
1758,2022-06-13,113,6.0,"Downtown Store, New York"
1759,2022-05-20,18,1.0,"Mall Branch, Chicago"
1760,2022-11-23,359,9.0,"Airport Kiosk, Houston"
1761,2022-06-24,201,7.0,"Online Shop, Phoenix"
1762,2022-11-30,103,2.0,"Mall Branch, Chicago"
1763,2022-07-05,59,6.0,"Suburban Outlet, Los Angeles"
1764,2022-07-08,88,3.0,"Mall Branch, Chicago"
1765,2022-05-23,440,4.0,"Airport Kiosk, Houston"
1766,2022-08-09,163,3.0,"Suburban Outlet, Los Angeles"
1767,2022-10-20,230,9.0,"Downtown Store, New York"
1768,2022-01-03,476,8.0,"Suburban Outlet, Los Angeles"
1769,2022-11-25,197,2.0,"Suburban Outlet, Los Angeles"
1770,2022-03-07,131,1.0,"Downtown Store, New York"
1771,2022-08-29,494,2.0,"Suburban Outlet, Los Angeles"
1772,2022-08-22,370,4.0,"Downtown Store, New York"
1773,2022-03-16,282,3.0,"Suburban Outlet, Los Angeles"
1774,2022-06-10,327,2.0,"Downtown Store, New York"
1775,2022-05-02,139,9.0,"Mall Branch, Chicago"
1776,2022-06-11,20,2.0,"Airport Kiosk, Houston"
1777,2022-05-03,430,1.0,"Airport Kiosk, Houston"
1778,2022-08-14,336,2.0,"Suburban Outlet, Los Angeles"
1779,2022-06-29,85,8.0,"Airport Kiosk, Houston"
1780,2022-09-18,438,9.0,"Airport Kiosk, Houston"
1781,2022-11-23,464,8.0,"Suburban Outlet, Los Angeles"
1782,2022-06-12,183,9.0,"Downtown Store, New York"
1783,2022-07-23,292,7.0,"Online Shop, Phoenix"
1784,2022-04-26,432,3.0,"Mall Branch, Chicago"
1785,2022-12-26,200,1.0,"Airport Kiosk, Houston"
1786,2022-03-08,361,2.0,"Suburban Outlet, Los Angeles"
1787,2022-05-03,317,5.0,"Downtown Store, New York"
1788,2022-12-27,37,4.0,"Suburban Outlet, Los Angeles"
1789,2022-12-04,114,4.0,"Online Shop, Phoenix"
1790,2022-10-04,413,6.0,"Airport Kiosk, Houston"
1791,2022-07-01,429,1.0,"Online Shop, Phoenix"
1792,2022-07-22,47,1.0,"Downtown Store, New York"
1793,2022-05-29,394,7.0,"Mall Branch, Chicago"
1794,2022-04-28,357,3.0,"Airport Kiosk, Houston"
1795,2022-10-08,88,4.0,"Downtown Store, New York"
1796,2022-04-22,164,7.0,"Suburban Outlet, Los Angeles"
1797,2022-05-07,93,2.0,"Suburban Outlet, Los Angeles"
1798,2022-02-07,19,4.0,"Mall Branch, Chicago"
1799,2022-12-04,79,5.0,"Mall Branch, Chicago"
1800,2022-11-18,232,5.0,"Airport Kiosk, Houston"
1801,2022-05-31,149,,"Downtown Store, New York"
1802,2022-09-29,37,6.0,"Downtown Store, New York"
1803,2022-06-23,329,7.0,"Mall Branch, Chicago"
1804,2022-09-07,369,8.0,"Online Shop, Phoenix"
1805,2022-01-17,360,4.0,"Mall Branch, Chicago"
1806,2022-01-19,14,7.0,"Mall Branch, Chicago"
1807,2022-08-19,108,5.0,"Suburban Outlet, Los Angeles"
1808,2022-12-05,489,7.0,"Mall Branch, Chicago"
1809,2022-02-07,278,5.0,"Online Shop, Phoenix"
1810,2022-03-03,316,7.0,"Suburban Outlet, Los Angeles"
1811,2022-07-07,240,5.0,"Suburban Outlet, Los Angeles"
1812,2022-07-22,190,1.0,"Online Shop, Phoenix"
1813,2022-12-01,481,1.0,"Online Shop, Phoenix"
1814,2022-05-19,289,4.0,"Suburban Outlet, Los Angeles"
1815,2022-02-07,31,7.0,"Suburban Outlet, Los Angeles"
1816,2022-07-12,74,5.0,"Suburban Outlet, Los Angeles"
1817,2022-07-12,92,2.0,"Online Shop, Phoenix"
1818,2022-09-05,446,8.0,"Downtown Store, New York"
1819,2022-10-31,413,3.0,"Airport Kiosk, Houston"
1820,2022-10-08,313,4.0,"Airport Kiosk, Houston"
1821,2022-03-19,492,1.0,"Mall Branch, Chicago"
1822,2022-02-15,280,6.0,"Online Shop, Phoenix"
1823,2022-09-25,349,8.0,"Suburban Outlet, Los Angeles"
1824,2022-01-12,441,5.0,"Downtown Store, New York"
1825,2022-10-25,323,3.0,"Mall Branch, Chicago"
1826,2022-07-01,277,5.0,"Mall Branch, Chicago"
1827,2022-02-21,343,8.0,"Suburban Outlet, Los Angeles"
1828,2022-06-23,97,2.0,"Online Shop, Phoenix"
1829,2022-10-25,392,4.0,"Airport Kiosk, Houston"
1830,2022-09-10,441,1.0,"Downtown Store, New York"
1831,2022-02-11,278,5.0,"Suburban Outlet, Los Angeles"
1832,2022-09-22,85,8.0,"Downtown Store, New York"
1833,2022-12-21,404,8.0,"Online Shop, Phoenix"
1834,2022-09-05,346,3.0,"Online Shop, Phoenix"
1835,2022-08-19,176,7.0,"Mall Branch, Chicago"
1836,2022-07-27,422,4.0,"Suburban Outlet, Los Angeles"
1837,2022-10-07,89,6.0,"Mall Branch, Chicago"
1838,2022-08-12,340,9.0,"Mall Branch, Chicago"
1839,2022-05-02,440,3.0,"Downtown Store, New York"
1840,2022-09-26,171,4.0,"Suburban Outlet, Los Angeles"
1841,2022-11-26,14,1.0,"Suburban Outlet, Los Angeles"
1842,2022-10-05,429,6.0,"Online Shop, Phoenix"
1843,2022-07-21,92,1.0,"Airport Kiosk, Houston"
1844,2022-11-19,343,5.0,"Suburban Outlet, Los Angeles"
1845,2022-04-03,348,4.0,"Mall Branch, Chicago"
1846,2022-10-25,132,9.0,"Suburban Outlet, Los Angeles"
1847,2022-01-02,442,8.0,"Airport Kiosk, Houston"
1848,2022-09-18,162,1.0,"Downtown Store, New York"
1849,2022-08-19,286,4.0,"Online Shop, Phoenix"
1850,2022-02-23,342,2.0,"Online Shop, Phoenix"
1851,2022-04-11,67,6.0,"Suburban Outlet, Los Angeles"
1852,2022-12-13,39,2.0,"Downtown Store, New York"
1853,2022-04-10,409,7.0,"Suburban Outlet, Los Angeles"
1854,2022-10-28,210,6.0,"Online Shop, Phoenix"
1855,2022-10-26,78,9.0,"Downtown Store, New York"
1856,2022-09-26,458,6.0,"Suburban Outlet, Los Angeles"
1857,2022-08-16,234,8.0,"Online Shop, Phoenix"
1858,2022-12-08,26,,"Suburban Outlet, Los Angeles"
1859,2022-12-27,38,6.0,"Mall Branch, Chicago"
1860,2022-08-20,271,3.0,"Airport Kiosk, Houston"
1861,2022-08-30,414,8.0,"Mall Branch, Chicago"
1862,2022-04-09,368,1.0,"Downtown Store, New York"
1863,2022-11-22,392,7.0,"Mall Branch, Chicago"
1864,2022-11-17,315,2.0,"Online Shop, Phoenix"
1865,2022-09-30,412,1.0,"Online Shop, Phoenix"
1866,2022-09-04,413,8.0,"Suburban Outlet, Los Angeles"
1867,2022-11-14,343,8.0,"Mall Branch, Chicago"
1868,2022-11-16,69,5.0,"Downtown Store, New York"
1869,2022-09-21,452,1.0,"Airport Kiosk, Houston"
1870,2022-12-22,281,,"Mall Branch, Chicago"
1871,2022-05-15,232,6.0,"Downtown Store, New York"
1872,2022-08-20,155,3.0,"Mall Branch, Chicago"
1873,2022-06-22,251,1.0,"Mall Branch, Chicago"
1874,2022-12-25,138,4.0,"Suburban Outlet, Los Angeles"
1875,2022-02-26,444,8.0,"Online Shop, Phoenix"
1876,2022-04-22,362,8.0,"Airport Kiosk, Houston"
1877,2022-11-01,245,6.0,"Airport Kiosk, Houston"
1878,2022-11-26,184,9.0,"Mall Branch, Chicago"
1879,2022-06-28,328,8.0,"Suburban Outlet, Los Angeles"
1880,2022-07-11,85,3.0,"Mall Branch, Chicago"
1881,2022-03-19,396,4.0,"Mall Branch, Chicago"
1882,2022-02-16,199,1.0,"Downtown Store, New York"
1883,2022-10-03,349,2.0,"Suburban Outlet, Los Angeles"
1884,2022-11-09,366,3.0,"Downtown Store, New York"
1885,2022-08-13,259,8.0,"Mall Branch, Chicago"
1886,2022-04-23,168,1.0,"Airport Kiosk, Houston"
1887,2022-10-26,58,3.0,"Mall Branch, Chicago"
1888,2022-04-21,251,4.0,"Airport Kiosk, Houston"
1889,2022-07-07,412,3.0,"Downtown Store, New York"
1890,2022-01-05,416,9.0,"Mall Branch, Chicago"
1891,2022-03-21,420,1.0,"Mall Branch, Chicago"
1892,2022-07-26,141,,"Downtown Store, New York"
1893,2022-02-04,321,5.0,"Airport Kiosk, Houston"
1894,2022-08-21,256,5.0,"Downtown Store, New York"
1895,2022-03-09,152,1.0,"Mall Branch, Chicago"
1896,2022-03-29,134,6.0,"Suburban Outlet, Los Angeles"
1897,2022-04-25,184,1.0,"Mall Branch, Chicago"
1898,2022-03-22,193,9.0,"Downtown Store, New York"
1899,2022-07-18,292,2.0,"Mall Branch, Chicago"
1900,2022-10-26,384,9.0,"Airport Kiosk, Houston"
1901,2022-06-04,11,1.0,"Airport Kiosk, Houston"
1902,2022-03-01,158,3.0,"Mall Branch, Chicago"
1903,2022-11-07,320,6.0,"Suburban Outlet, Los Angeles"
1904,2022-04-16,466,4.0,"Downtown Store, New York"
1905,2022-05-31,305,9.0,"Downtown Store, New York"
1906,2022-03-19,489,8.0,"Suburban Outlet, Los Angeles"
1907,2022-10-26,211,9.0,"Downtown Store, New York"
1908,2022-11-03,60,7.0,"Online Shop, Phoenix"
1909,2022-07-12,117,5.0,"Downtown Store, New York"
1910,2022-08-14,176,5.0,"Suburban Outlet, Los Angeles"
1911,2022-07-01,446,8.0,"Online Shop, Phoenix"
1912,2022-01-17,139,8.0,"Suburban Outlet, Los Angeles"
1913,2022-04-21,148,5.0,"Downtown Store, New York"
1914,2022-11-11,230,4.0,"Downtown Store, New York"
1915,2022-04-27,78,5.0,"Online Shop, Phoenix"
1916,2022-02-09,186,8.0,"Airport Kiosk, Houston"
1917,2022-03-08,452,7.0,"Suburban Outlet, Los Angeles"
1918,2022-12-01,37,3.0,"Mall Branch, Chicago"
1919,2022-06-11,4,8.0,"Suburban Outlet, Los Angeles"
1920,2022-04-04,420,5.0,"Online Shop, Phoenix"
1921,2022-01-12,456,2.0,"Suburban Outlet, Los Angeles"
1922,2022-09-20,247,3.0,"Airport Kiosk, Houston"
1923,2022-10-18,331,7.0,"Suburban Outlet, Los Angeles"
1924,2022-11-09,85,5.0,"Suburban Outlet, Los Angeles"
1925,2022-08-08,349,3.0,"Suburban Outlet, Los Angeles"
1926,2022-03-27,73,,"Mall Branch, Chicago"
1927,2022-12-05,9,4.0,"Airport Kiosk, Houston"
1928,2022-11-24,466,1.0,"Online Shop, Phoenix"
1929,2022-11-11,466,8.0,"Airport Kiosk, Houston"
1930,2022-09-28,381,2.0,"Suburban Outlet, Los Angeles"
1931,2022-07-10,198,3.0,"Online Shop, Phoenix"
1932,2022-12-31,480,9.0,"Airport Kiosk, Houston"
1933,2022-01-16,222,5.0,"Airport Kiosk, Houston"
1934,2022-06-03,444,1.0,"Mall Branch, Chicago"
1935,2022-02-27,209,8.0,"Mall Branch, Chicago"
1936,2022-01-31,442,9.0,"Airport Kiosk, Houston"
1937,2022-05-26,373,5.0,"Online Shop, Phoenix"
1938,2022-11-10,343,9.0,"Suburban Outlet, Los Angeles"
1939,2022-07-11,228,6.0,"Suburban Outlet, Los Angeles"
1940,2022-09-06,51,2.0,"Mall Branch, Chicago"
1941,2022-03-15,356,2.0,"Suburban Outlet, Los Angeles"
1942,2022-03-22,81,8.0,"Online Shop, Phoenix"
1943,2022-04-16,118,9.0,"Downtown Store, New York"
1944,2022-03-25,412,4.0,"Mall Branch, Chicago"
1945,2022-03-04,97,9.0,"Suburban Outlet, Los Angeles"
1946,2022-08-12,304,5.0,"Airport Kiosk, Houston"
1947,2022-06-16,451,9.0,"Downtown Store, New York"
1948,2022-02-15,12,8.0,"Online Shop, Phoenix"
1949,2022-03-01,83,7.0,"Online Shop, Phoenix"
1950,2022-05-09,217,,"Mall Branch, Chicago"
1951,2022-09-23,25,2.0,"Downtown Store, New York"
1952,2022-04-06,129,6.0,"Suburban Outlet, Los Angeles"
1953,2022-12-07,110,3.0,"Mall Branch, Chicago"
1954,2022-10-27,445,3.0,"Downtown Store, New York"
1955,2022-12-01,201,5.0,"Online Shop, Phoenix"
1956,2022-06-02,88,5.0,"Airport Kiosk, Houston"
1957,2022-02-10,2,3.0,"Online Shop, Phoenix"
1958,2022-07-08,252,6.0,"Airport Kiosk, Houston"
1959,2022-04-14,350,3.0,"Mall Branch, Chicago"
1960,2022-06-05,48,3.0,"Downtown Store, New York"
1961,2022-05-07,103,6.0,"Mall Branch, Chicago"
1962,2022-03-30,231,6.0,"Mall Branch, Chicago"
1963,2022-07-05,237,4.0,"Suburban Outlet, Los Angeles"
1964,2022-10-29,499,6.0,"Online Shop, Phoenix"
1965,2022-05-30,435,1.0,"Online Shop, Phoenix"
1966,2022-02-03,466,4.0,"Airport Kiosk, Houston"
1967,2022-08-30,212,7.0,"Downtown Store, New York"
1968,2022-02-20,126,1.0,"Mall Branch, Chicago"
1969,2022-09-21,218,3.0,"Airport Kiosk, Houston"
1970,2022-12-26,127,6.0,"Suburban Outlet, Los Angeles"
1971,2022-12-04,454,7.0,"Suburban Outlet, Los Angeles"
1972,2022-09-29,239,6.0,
1973,2022-11-30,342,8.0,"Online Shop, Phoenix"
1974,2022-09-14,35,8.0,"Suburban Outlet, Los Angeles"
1975,2022-04-16,482,8.0,"Downtown Store, New York"
1976,2022-02-23,295,9.0,"Mall Branch, Chicago"
1977,2022-10-31,243,2.0,"Suburban Outlet, Los Angeles"
1978,2022-09-29,384,1.0,"Mall Branch, Chicago"
1979,2022-06-20,476,9.0,"Airport Kiosk, Houston"
1980,2022-05-14,362,3.0,"Online Shop, Phoenix"
1981,2022-05-26,486,8.0,"Suburban Outlet, Los Angeles"
1982,2022-07-22,306,6.0,"Downtown Store, New York"
1983,2022-08-06,389,3.0,"Suburban Outlet, Los Angeles"
1984,2022-11-19,212,9.0,"Suburban Outlet, Los Angeles"
1985,2022-10-06,308,7.0,"Airport Kiosk, Houston"
1986,2022-01-05,290,8.0,"Downtown Store, New York"
1987,2022-10-02,342,6.0,"Suburban Outlet, Los Angeles"
1988,2022-02-28,133,2.0,"Downtown Store, New York"
1989,2022-04-14,436,6.0,"Online Shop, Phoenix"
1990,2022-11-04,218,5.0,"Downtown Store, New York"
1991,2022-03-31,382,3.0,"Airport Kiosk, Houston"
1992,2022-02-14,244,3.0,"Downtown Store, New York"
1993,2022-08-17,72,3.0,"Downtown Store, New York"
1994,2022-07-17,441,7.0,"Online Shop, Phoenix"
1995,2022-07-28,127,2.0,"Online Shop, Phoenix"
1996,2022-01-29,293,4.0,"Mall Branch, Chicago"
1997,2022-06-24,52,7.0,"Downtown Store, New York"
1998,2022-02-11,224,8.0,"Suburban Outlet, Los Angeles"
1999,2022-05-29,62,9.0,"Online Shop, Phoenix"
2000,2022-08-28,190,4.0,"Online Shop, Phoenix"
